"FullName","Length","LastWriteTime"
"C:\Users\ELCOT\focus-app\src\components\admin\AdminStatsOverview.js","2052","24-01-2026 14:21:57"
"C:\Users\ELCOT\focus-app\src\components\admin\BadgeAdminDashboard.js","2836","24-01-2026 14:21:57"
"C:\Users\ELCOT\focus-app\src\components\admin\BadgeAdminDashboard.module.css","1586","24-01-2026 14:21:57"
"C:\Users\ELCOT\focus-app\src\components\admin\BadgeAuditLog.js","2446","24-01-2026 18:05:39"
"C:\Users\ELCOT\focus-app\src\components\admin\BadgeAuditLog.module.css","1750","24-01-2026 14:21:57"
"C:\Users\ELCOT\focus-app\src\components\admin\BadgeReviewPanel.js","6338","24-01-2026 14:21:57"
"C:\Users\ELCOT\focus-app\src\components\admin\BadgeReviewPanel.module.css","5002","24-01-2026 14:21:57"
"C:\Users\ELCOT\focus-app\src\components\admin\BotDetectionMetrics.js","362","24-01-2026 14:21:57"
"C:\Users\ELCOT\focus-app\src\components\admin\FlaggedAccountsQueue.js","6307","24-01-2026 14:21:57"
"C:\Users\ELCOT\focus-app\src\components\admin\FlaggedAccountsTable.js","5287","24-01-2026 18:05:46"
"C:\Users\ELCOT\focus-app\src\components\admin\TrustScoreAdjuster.js","4202","24-01-2026 14:21:57"
"C:\Users\ELCOT\focus-app\src\components\admin\TrustScoreManager.js","6278","24-01-2026 14:21:57"
"C:\Users\ELCOT\focus-app\src\components\admin\TrustShieldAdmin.js","3798","24-01-2026 14:21:57"
"C:\Users\ELCOT\focus-app\src\components\admin\VerificationReviewPanel.js","1487","24-01-2026 14:21:57"
"C:\Users\ELCOT\focus-app\src\components\analytics\PostInsights.js","9026","24-01-2026 14:21:57"
"C:\Users\ELCOT\focus-app\src\components\analytics\PostInsights.module.css","3600","24-01-2026 14:21:57"
"C:\Users\ELCOT\focus-app\src\components\auth\AdminRoute.js","1788","24-01-2026 18:05:53"
"C:\Users\ELCOT\focus-app\src\components\auth\Auth.module.css","1439","24-01-2026 14:21:57"
"C:\Users\ELCOT\focus-app\src\components\auth\AuthLayout.js","479","24-01-2026 14:21:57"
"C:\Users\ELCOT\focus-app\src\components\auth\AuthLayout.module.css","848","24-01-2026 14:21:57"
"C:\Users\ELCOT\focus-app\src\components\auth\BrandPanel.js","641","24-01-2026 14:21:57"
"C:\Users\ELCOT\focus-app\src\components\auth\BrandPanel.module.css","1624","24-01-2026 14:21:57"
"C:\Users\ELCOT\focus-app\src\components\auth\FormDivider.js","389","24-01-2026 14:21:57"
"C:\Users\ELCOT\focus-app\src\components\auth\FormDivider.module.css","370","24-01-2026 14:21:57"
"C:\Users\ELCOT\focus-app\src\components\auth\LoginForm.js","7941","24-01-2026 14:21:57"
"C:\Users\ELCOT\focus-app\src\components\auth\LoginForm.module.css","1837","24-01-2026 14:21:57"
"C:\Users\ELCOT\focus-app\src\components\auth\OAuthButtons.js","1511","24-01-2026 14:21:57"
"C:\Users\ELCOT\focus-app\src\components\auth\OAuthButtons.module.css","2011","24-01-2026 14:21:57"
"C:\Users\ELCOT\focus-app\src\components\auth\PasswordStrength.js","957","24-01-2026 14:21:57"
"C:\Users\ELCOT\focus-app\src\components\auth\PasswordStrength.module.css","805","24-01-2026 14:21:57"
"C:\Users\ELCOT\focus-app\src\components\auth\SignupForm.js","12640","24-01-2026 14:21:57"
"C:\Users\ELCOT\focus-app\src\components\auth\SignupForm.module.css","2928","24-01-2026 14:21:57"
"C:\Users\ELCOT\focus-app\src\components\auth\TaglineCarousel.js","1429","24-01-2026 14:21:57"
"C:\Users\ELCOT\focus-app\src\components\auth\TaglineCarousel.module.css","764","24-01-2026 14:21:57"
"C:\Users\ELCOT\focus-app\src\components\auth\UsernameCheck.js","1849","24-01-2026 14:21:57"
"C:\Users\ELCOT\focus-app\src\components\auth\UsernameCheck.module.css","280","24-01-2026 14:21:57"
"C:\Users\ELCOT\focus-app\src\components\badge\BadgeApplication.js","6376","24-01-2026 14:21:57"
"C:\Users\ELCOT\focus-app\src\components\badge\BadgeApplication.module.css","1871","24-01-2026 14:21:57"
"C:\Users\ELCOT\focus-app\src\components\badge\BadgeDisplay.js","1888","24-01-2026 14:21:57"
"C:\Users\ELCOT\focus-app\src\components\badge\BadgeDisplay.module.css","560","24-01-2026 14:21:57"
"C:\Users\ELCOT\focus-app\src\components\badge\BadgeProgress.js","2943","24-01-2026 14:21:57"
"C:\Users\ELCOT\focus-app\src\components\badge\BadgeProgress.module.css","1921","24-01-2026 14:21:57"
"C:\Users\ELCOT\focus-app\src\components\badge\BadgeTooltip.js","720","24-01-2026 14:21:57"
"C:\Users\ELCOT\focus-app\src\components\badge\BadgeTooltip.module.css","1121","24-01-2026 14:21:57"
"C:\Users\ELCOT\focus-app\src\components\badge\ProfileBadges.js","2111","24-01-2026 14:21:57"
"C:\Users\ELCOT\focus-app\src\components\badge\ProfileBadges.module.css","941","24-01-2026 14:21:57"
"C:\Users\ELCOT\focus-app\src\components\boltz\BoltzActionsSidebar.js","1539","24-01-2026 14:21:57"
"C:\Users\ELCOT\focus-app\src\components\boltz\BoltzActionsSidebar.module.css","2383","24-01-2026 14:21:57"
"C:\Users\ELCOT\focus-app\src\components\boltz\BoltzCaption.js","847","24-01-2026 14:21:57"
"C:\Users\ELCOT\focus-app\src\components\boltz\BoltzCaption.module.css","1096","24-01-2026 14:21:57"
"C:\Users\ELCOT\focus-app\src\components\boltz\BoltzEmptyState.js","746","24-01-2026 14:21:57"
"C:\Users\ELCOT\focus-app\src\components\boltz\BoltzEmptyState.module.css","462","24-01-2026 14:21:57"
"C:\Users\ELCOT\focus-app\src\components\boltz\BoltzFeed.js","3496","24-01-2026 14:21:57"
"C:\Users\ELCOT\focus-app\src\components\boltz\BoltzFeed.module.css","1610","24-01-2026 14:21:57"
"C:\Users\ELCOT\focus-app\src\components\boltz\BoltzMusicInfo.js","830","24-01-2026 14:21:57"
"C:\Users\ELCOT\focus-app\src\components\boltz\BoltzMusicInfo.module.css","1745","24-01-2026 14:21:57"
"C:\Users\ELCOT\focus-app\src\components\boltz\BoltzOptionsMenu.js","2271","01-02-2026 20:08:10"
"C:\Users\ELCOT\focus-app\src\components\boltz\BoltzOptionsMenu.module.css","2050","24-01-2026 14:21:57"
"C:\Users\ELCOT\focus-app\src\components\boltz\BoltzOverlay.js","193","24-01-2026 14:21:57"
"C:\Users\ELCOT\focus-app\src\components\boltz\BoltzOverlay.module.css","728","24-01-2026 14:21:57"
"C:\Users\ELCOT\focus-app\src\components\boltz\BoltzPlayer.js","2954","01-02-2026 20:08:10"
"C:\Users\ELCOT\focus-app\src\components\boltz\BoltzPlayer.module.css","518","24-01-2026 14:21:57"
"C:\Users\ELCOT\focus-app\src\components\boltz\BoltzTabs.js","714","24-01-2026 14:21:57"
"C:\Users\ELCOT\focus-app\src\components\boltz\BoltzTabs.module.css","1403","24-01-2026 14:21:57"
"C:\Users\ELCOT\focus-app\src\components\boltz\BoltzUserInfo.js","1957","24-01-2026 14:21:57"
"C:\Users\ELCOT\focus-app\src\components\boltz\BoltzUserInfo.module.css","3317","24-01-2026 14:21:57"
"C:\Users\ELCOT\focus-app\src\components\boltz\CommentButton.js","777","24-01-2026 14:21:57"
"C:\Users\ELCOT\focus-app\src\components\boltz\CommentButton.module.css","1062","24-01-2026 14:21:57"
"C:\Users\ELCOT\focus-app\src\components\boltz\HeartAnimation.js","1324","26-01-2026 12:30:43"
"C:\Users\ELCOT\focus-app\src\components\boltz\HeartAnimation.module.css","2490","26-01-2026 12:31:07"
"C:\Users\ELCOT\focus-app\src\components\boltz\LikeButton.js","943","24-01-2026 14:21:57"
"C:\Users\ELCOT\focus-app\src\components\boltz\LikeButton.module.css","1059","24-01-2026 14:21:57"
"C:\Users\ELCOT\focus-app\src\components\boltz\MusicDisc.js","539","24-01-2026 14:21:57"
"C:\Users\ELCOT\focus-app\src\components\boltz\MusicDisc.module.css","626","24-01-2026 14:21:57"
"C:\Users\ELCOT\focus-app\src\components\boltz\SaveButton.js","742","24-01-2026 14:21:57"
"C:\Users\ELCOT\focus-app\src\components\boltz\SaveButton.module.css","806","24-01-2026 14:21:57"
"C:\Users\ELCOT\focus-app\src\components\boltz\ShareButton.js","602","24-01-2026 14:21:57"
"C:\Users\ELCOT\focus-app\src\components\boltz\ShareButton.module.css","807","24-01-2026 14:21:57"
"C:\Users\ELCOT\focus-app\src\components\boltz\VideoPlayer.js","2102","24-01-2026 14:21:57"
"C:\Users\ELCOT\focus-app\src\components\boltz\VideoPlayer.module.css","645","24-01-2026 14:21:57"
"C:\Users\ELCOT\focus-app\src\components\boltz\VideoProgressBar.js","381","24-01-2026 14:21:57"
"C:\Users\ELCOT\focus-app\src\components\boltz\VideoProgressBar.module.css","1165","24-01-2026 14:21:57"
"C:\Users\ELCOT\focus-app\src\components\boltz\VolumeControl.js","429","24-01-2026 14:21:57"
"C:\Users\ELCOT\focus-app\src\components\boltz\VolumeControl.module.css","840","24-01-2026 14:21:57"
"C:\Users\ELCOT\focus-app\src\components\Button\Button.css","3274","24-01-2026 14:21:57"
"C:\Users\ELCOT\focus-app\src\components\Button\Button.jsx","1803","24-01-2026 14:21:57"
"C:\Users\ELCOT\focus-app\src\components\Button\index.js","37","24-01-2026 14:21:57"
"C:\Users\ELCOT\focus-app\src\components\calls\CallWindow.js","4637","24-01-2026 14:21:57"
"C:\Users\ELCOT\focus-app\src\components\calls\CallWindow.module.css","3456","24-01-2026 14:21:57"
"C:\Users\ELCOT\focus-app\src\components\calls\IncomingCallModal.js","3708","24-01-2026 14:21:57"
"C:\Users\ELCOT\focus-app\src\components\calls\IncomingCallModal.module.css","3780","24-01-2026 14:21:57"
"C:\Users\ELCOT\focus-app\src\components\calls\JitsiCallWindow.js","3395","24-01-2026 14:21:57"
"C:\Users\ELCOT\focus-app\src\components\calls\JitsiCallWindow.module.css","451","24-01-2026 14:21:57"
"C:\Users\ELCOT\focus-app\src\components\calls\ModernCallWindow.js","8966","24-01-2026 19:57:07"
"C:\Users\ELCOT\focus-app\src\components\calls\ModernCallWindow.module.css","7134","24-01-2026 14:21:57"
"C:\Users\ELCOT\focus-app\src\components\comments\CommentInput.js","3291","24-01-2026 14:21:57"
"C:\Users\ELCOT\focus-app\src\components\comments\CommentInput.module.css","2443","24-01-2026 14:21:57"
"C:\Users\ELCOT\focus-app\src\components\comments\CommentItem.js","9121","24-01-2026 14:21:57"
"C:\Users\ELCOT\focus-app\src\components\comments\CommentItem.module.css","4674","24-01-2026 14:21:57"
"C:\Users\ELCOT\focus-app\src\components\comments\CommentsSection.js","10775","24-01-2026 14:21:57"
"C:\Users\ELCOT\focus-app\src\components\comments\CommentsSection.module.css","3587","24-01-2026 14:21:57"
"C:\Users\ELCOT\focus-app\src\components\comments\FlashComments.js","7440","24-01-2026 19:57:19"
"C:\Users\ELCOT\focus-app\src\components\comments\FlashComments.module.css","4684","24-01-2026 14:21:57"
"C:\Users\ELCOT\focus-app\src\components\create\AdjustmentPanel.js","1873","24-01-2026 14:21:57"
"C:\Users\ELCOT\focus-app\src\components\create\AdjustmentPanel.module.css","644","24-01-2026 14:21:57"
"C:\Users\ELCOT\focus-app\src\components\create\AudioTimeline.js","4740","24-01-2026 14:21:57"
"C:\Users\ELCOT\focus-app\src\components\create\AudioTimeline.module.css","2400","24-01-2026 14:21:57"
"C:\Users\ELCOT\focus-app\src\components\create\AudioTimelineControl.js","3629","24-01-2026 14:21:57"
"C:\Users\ELCOT\focus-app\src\components\create\AudioTimelineControl.module.css","2401","24-01-2026 14:21:57"
"C:\Users\ELCOT\focus-app\src\components\create\CaptionInput.js","2123","24-01-2026 14:21:57"
"C:\Users\ELCOT\focus-app\src\components\create\CaptionInput.module.css","1967","24-01-2026 14:21:57"
"C:\Users\ELCOT\focus-app\src\components\create\CreateStepper.js","1356","24-01-2026 14:21:57"
"C:\Users\ELCOT\focus-app\src\components\create\CreateStepper.module.css","1597","24-01-2026 14:21:57"
"C:\Users\ELCOT\focus-app\src\components\create\CreateTabs.js","980","24-01-2026 14:21:57"
"C:\Users\ELCOT\focus-app\src\components\create\CreateTabs.module.css","985","24-01-2026 14:21:57"
"C:\Users\ELCOT\focus-app\src\components\create\CropOverlay.js","6077","24-01-2026 19:57:33"
"C:\Users\ELCOT\focus-app\src\components\create\CropOverlay.module.css","3139","24-01-2026 14:21:57"
"C:\Users\ELCOT\focus-app\src\components\create\DoodleCanvas.js","3074","24-01-2026 14:21:57"
"C:\Users\ELCOT\focus-app\src\components\create\DoodleCanvas.module.css","715","24-01-2026 14:21:57"
"C:\Users\ELCOT\focus-app\src\components\create\DraftsManager.js","2023","24-01-2026 14:21:57"
"C:\Users\ELCOT\focus-app\src\components\create\DraftsManager.module.css","1225","24-01-2026 14:21:57"
"C:\Users\ELCOT\focus-app\src\components\create\FilterGallery.js","3355","24-01-2026 14:21:57"
"C:\Users\ELCOT\focus-app\src\components\create\FilterGallery.module.css","921","24-01-2026 14:21:57"
"C:\Users\ELCOT\focus-app\src\components\create\MediaPicker.js","2405","24-01-2026 14:21:57"
"C:\Users\ELCOT\focus-app\src\components\create\MediaPicker.module.css","1648","24-01-2026 14:21:57"
"C:\Users\ELCOT\focus-app\src\components\create\MediaUploader.js","2019","24-01-2026 14:21:57"
"C:\Users\ELCOT\focus-app\src\components\create\MediaUploader.module.css","1449","24-01-2026 14:21:57"
"C:\Users\ELCOT\focus-app\src\components\create\MusicPicker.js","6037","24-01-2026 14:21:57"
"C:\Users\ELCOT\focus-app\src\components\create\MusicPicker.module.css","3991","24-01-2026 14:21:57"
"C:\Users\ELCOT\focus-app\src\components\create\PhotoEditor.js","4447","24-01-2026 14:21:57"
"C:\Users\ELCOT\focus-app\src\components\create\PhotoEditor.module.css","1807","24-01-2026 14:21:57"
"C:\Users\ELCOT\focus-app\src\components\create\PostEditor.js","1006","24-01-2026 14:21:57"
"C:\Users\ELCOT\focus-app\src\components\create\PostEditor.module.css","813","24-01-2026 14:21:57"
"C:\Users\ELCOT\focus-app\src\components\create\Preview.js","3520","24-01-2026 14:21:57"
"C:\Users\ELCOT\focus-app\src\components\create\Preview.module.css","1555","24-01-2026 14:21:57"
"C:\Users\ELCOT\focus-app\src\components\create\StickerPicker.js","3129","24-01-2026 14:21:57"
"C:\Users\ELCOT\focus-app\src\components\create\StickerPicker.module.css","6368","24-01-2026 14:21:57"
"C:\Users\ELCOT\focus-app\src\components\create\StoryEditor.js","2084","24-01-2026 14:21:57"
"C:\Users\ELCOT\focus-app\src\components\create\StoryEditor.module.css","340","24-01-2026 14:21:57"
"C:\Users\ELCOT\focus-app\src\components\create\ThumbnailSelector.js","2792","24-01-2026 14:21:57"
"C:\Users\ELCOT\focus-app\src\components\create\ThumbnailSelector.module.css","2391","24-01-2026 14:21:57"
"C:\Users\ELCOT\focus-app\src\components\create\UploadOverlay.js","1475","24-01-2026 14:21:57"
"C:\Users\ELCOT\focus-app\src\components\create\UploadOverlay.module.css","830","24-01-2026 14:21:57"
"C:\Users\ELCOT\focus-app\src\components\create\VideoEditor.js","28696","24-01-2026 14:21:57"
"C:\Users\ELCOT\focus-app\src\components\create\VideoEditor.module.css","20009","24-01-2026 14:21:57"
"C:\Users\ELCOT\focus-app\src\components\create\VideoTimeline.js","11248","24-01-2026 19:57:47"
"C:\Users\ELCOT\focus-app\src\components\create\VideoTimeline.module.css","6283","24-01-2026 14:21:57"
"C:\Users\ELCOT\focus-app\src\components\CustomIcon\CustomIcon.css","729","24-01-2026 14:21:57"
"C:\Users\ELCOT\focus-app\src\components\CustomIcon\CustomIcon.jsx","25780","24-01-2026 14:21:57"
"C:\Users\ELCOT\focus-app\src\components\CustomIcon\index.js","41","24-01-2026 14:21:57"
"C:\Users\ELCOT\focus-app\src\components\explore\CategoryTabs.js","1153","26-01-2026 12:36:15"
"C:\Users\ELCOT\focus-app\src\components\explore\CategoryTabs.module.css","1834","26-01-2026 12:36:18"
"C:\Users\ELCOT\focus-app\src\components\explore\EnhancedExploreTile.js","3306","24-01-2026 14:21:57"
"C:\Users\ELCOT\focus-app\src\components\explore\EnhancedExploreTile.module.css","2248","24-01-2026 14:21:57"
"C:\Users\ELCOT\focus-app\src\components\explore\EnhancedSearchBar.js","12017","24-01-2026 14:21:57"
"C:\Users\ELCOT\focus-app\src\components\explore\EnhancedSearchBar.module.css","5387","24-01-2026 14:21:57"
"C:\Users\ELCOT\focus-app\src\components\explore\ExploreEmptyState.js","655","24-01-2026 14:21:57"
"C:\Users\ELCOT\focus-app\src\components\explore\ExploreEmptyState.module.css","691","24-01-2026 14:21:57"
"C:\Users\ELCOT\focus-app\src\components\explore\ExploreGrid.js","312","24-01-2026 14:21:57"
"C:\Users\ELCOT\focus-app\src\components\explore\ExploreGrid.module.css","547","24-01-2026 14:21:57"
"C:\Users\ELCOT\focus-app\src\components\explore\ExploreTabs.js","851","24-01-2026 14:21:57"
"C:\Users\ELCOT\focus-app\src\components\explore\ExploreTabs.module.css","1153","24-01-2026 14:21:57"
"C:\Users\ELCOT\focus-app\src\components\explore\ExploreTile.js","2439","24-01-2026 14:21:57"
"C:\Users\ELCOT\focus-app\src\components\explore\ExploreTile.module.css","1173","24-01-2026 14:21:57"
"C:\Users\ELCOT\focus-app\src\components\explore\MasonryGrid.js","455","24-01-2026 14:21:57"
"C:\Users\ELCOT\focus-app\src\components\explore\MasonryGrid.module.css","387","24-01-2026 14:21:57"
"C:\Users\ELCOT\focus-app\src\components\explore\PeopleGrid.js","2146","24-01-2026 14:21:57"
"C:\Users\ELCOT\focus-app\src\components\explore\PeopleGrid.module.css","2684","24-01-2026 14:21:57"
"C:\Users\ELCOT\focus-app\src\components\explore\SearchBar.js","7194","24-01-2026 14:21:57"
"C:\Users\ELCOT\focus-app\src\components\explore\SearchBar.module.css","3028","24-01-2026 14:21:57"
"C:\Users\ELCOT\focus-app\src\components\explore\SearchPage.js","1731","24-01-2026 14:21:57"
"C:\Users\ELCOT\focus-app\src\components\explore\SearchPage.module.css","368","24-01-2026 14:21:57"
"C:\Users\ELCOT\focus-app\src\components\explore\SmartTabs.js","1176","24-01-2026 14:21:57"
"C:\Users\ELCOT\focus-app\src\components\explore\SmartTabs.module.css","1482","24-01-2026 14:21:57"
"C:\Users\ELCOT\focus-app\src\components\explore\SuggestedAccountsRow.js","742","24-01-2026 14:21:57"
"C:\Users\ELCOT\focus-app\src\components\explore\SuggestedAccountsRow.module.css","679","24-01-2026 14:21:57"
"C:\Users\ELCOT\focus-app\src\components\explore\SuggestedUserCard.js","1980","24-01-2026 14:21:57"
"C:\Users\ELCOT\focus-app\src\components\explore\SuggestedUserCard.module.css","1346","24-01-2026 14:21:57"
"C:\Users\ELCOT\focus-app\src\components\explore\SuggestedUsers.js","1001","24-01-2026 14:21:57"
"C:\Users\ELCOT\focus-app\src\components\explore\SuggestedUsers.module.css","407","24-01-2026 14:21:57"
"C:\Users\ELCOT\focus-app\src\components\explore\TrendingHashtags.js","982","24-01-2026 14:21:57"
"C:\Users\ELCOT\focus-app\src\components\explore\TrendingHashtags.module.css","1126","24-01-2026 14:21:57"
"C:\Users\ELCOT\focus-app\src\components\explore\TrendingPanel.js","9022","24-01-2026 14:21:57"
"C:\Users\ELCOT\focus-app\src\components\explore\TrendingPanel.module.css","5376","24-01-2026 14:21:57"
"C:\Users\ELCOT\focus-app\src\components\explore\TrendingPostTile.js","731","24-01-2026 14:21:57"
"C:\Users\ELCOT\focus-app\src\components\explore\TrendingPostTile.module.css","943","24-01-2026 14:21:57"
"C:\Users\ELCOT\focus-app\src\components\explore\TrendingSection.js","3948","24-01-2026 14:21:57"
"C:\Users\ELCOT\focus-app\src\components\explore\TrendingSection.module.css","1376","24-01-2026 14:21:57"
"C:\Users\ELCOT\focus-app\src\components\feed\Feed.js","5771","01-02-2026 19:46:37"
"C:\Users\ELCOT\focus-app\src\components\feed\Feed.module.css","3754","24-01-2026 21:49:38"
"C:\Users\ELCOT\focus-app\src\components\feed\FlashStories.js","1644","24-01-2026 14:21:57"
"C:\Users\ELCOT\focus-app\src\components\feed\FlashStories.module.css","1485","24-01-2026 14:21:57"
"C:\Users\ELCOT\focus-app\src\components\feed\NewPostsBanner.js","568","24-01-2026 14:21:57"
"C:\Users\ELCOT\focus-app\src\components\feed\NewPostsBanner.module.css","505","24-01-2026 14:21:57"
"C:\Users\ELCOT\focus-app\src\components\feed\PostCard.js","6534","24-01-2026 14:21:57"
"C:\Users\ELCOT\focus-app\src\components\feed\PostCard.module.css","2629","24-01-2026 14:21:57"
"C:\Users\ELCOT\focus-app\src\components\focusly\FocuslyAIContainer.js","8141","24-01-2026 14:21:57"
"C:\Users\ELCOT\focus-app\src\components\focusly\FocuslyAIContainer.module.css","947","24-01-2026 14:21:57"
"C:\Users\ELCOT\focus-app\src\components\focusly\FocuslyAvatar.js","3544","24-01-2026 14:21:57"
"C:\Users\ELCOT\focus-app\src\components\focusly\FocuslyAvatar.module.css","2142","24-01-2026 14:21:57"
"C:\Users\ELCOT\focus-app\src\components\focusly\FocuslyAvatarLottie.js","10411","24-01-2026 14:21:57"
"C:\Users\ELCOT\focus-app\src\components\focusly\FocuslyButton.js","712","24-01-2026 14:21:57"
"C:\Users\ELCOT\focus-app\src\components\focusly\FocuslyButton.module.css","4017","24-01-2026 14:21:57"
"C:\Users\ELCOT\focus-app\src\components\focusly\FocuslyChat.js","4747","24-01-2026 14:21:57"
"C:\Users\ELCOT\focus-app\src\components\focusly\FocuslyChat.module.css","898","24-01-2026 14:21:57"
"C:\Users\ELCOT\focus-app\src\components\focusly\FocuslyChatInterface.js","7199","24-01-2026 14:21:57"
"C:\Users\ELCOT\focus-app\src\components\focusly\FocuslyChatInterface.module.css","4747","24-01-2026 14:21:57"
"C:\Users\ELCOT\focus-app\src\components\focusly\FocuslyChatOverlay.js","8325","24-01-2026 14:21:57"
"C:\Users\ELCOT\focus-app\src\components\focusly\FocuslyChatOverlay.module.css","6760","24-01-2026 14:21:57"
"C:\Users\ELCOT\focus-app\src\components\focusly\FocuslyDiagnostics.js","4455","24-01-2026 14:21:57"
"C:\Users\ELCOT\focus-app\src\components\focusly\FocuslyDiagnostics.module.css","2072","24-01-2026 14:21:57"
"C:\Users\ELCOT\focus-app\src\components\focusly\FocuslyInputBar.js","5602","24-01-2026 14:21:57"
"C:\Users\ELCOT\focus-app\src\components\focusly\FocuslyInputBar.module.css","3817","24-01-2026 14:21:57"
"C:\Users\ELCOT\focus-app\src\components\focusly\FocuslyLion.js","15737","24-01-2026 14:21:57"
"C:\Users\ELCOT\focus-app\src\components\focusly\FocuslyMessage.js","2666","24-01-2026 14:21:57"
"C:\Users\ELCOT\focus-app\src\components\focusly\FocuslyMessage.module.css","2588","24-01-2026 14:21:57"
"C:\Users\ELCOT\focus-app\src\components\focusly\FocuslyTypingIndicator.js","1796","24-01-2026 14:21:57"
"C:\Users\ELCOT\focus-app\src\components\focusly\FocuslyTypingIndicator.module.css","1423","24-01-2026 14:21:57"
"C:\Users\ELCOT\focus-app\src\components\focusly\FocuslyWidget.js","9441","24-01-2026 14:21:57"
"C:\Users\ELCOT\focus-app\src\components\focusly\FocuslyWidget.module.css","955","24-01-2026 14:21:57"
"C:\Users\ELCOT\focus-app\src\components\guardian\GuardianDashboardMain.js","4606","24-01-2026 14:21:57"
"C:\Users\ELCOT\focus-app\src\components\guardian\GuardianDashboardMain.module.css","3343","24-01-2026 14:21:57"
"C:\Users\ELCOT\focus-app\src\components\guardian\GuardianLinking.js","4443","24-01-2026 14:21:57"
"C:\Users\ELCOT\focus-app\src\components\guardian\GuardianLinking.module.css","1631","24-01-2026 14:21:57"
"C:\Users\ELCOT\focus-app\src\components\guardian\WeeklySafetyReport.js","2202","24-01-2026 14:21:57"
"C:\Users\ELCOT\focus-app\src\components\guardian\WeeklySafetyReport.module.css","733","24-01-2026 14:21:57"
"C:\Users\ELCOT\focus-app\src\components\home\BoltzCard.js","5614","24-01-2026 21:49:56"
"C:\Users\ELCOT\focus-app\src\components\home\BoltzCard.module.css","1820","24-01-2026 14:21:57"
"C:\Users\ELCOT\focus-app\src\components\home\CatchUpBanner.js","723","24-01-2026 14:21:57"
"C:\Users\ELCOT\focus-app\src\components\home\CatchUpBanner.module.css","997","24-01-2026 14:21:57"
"C:\Users\ELCOT\focus-app\src\components\home\CommentsPreview.js","816","24-01-2026 14:21:57"
"C:\Users\ELCOT\focus-app\src\components\home\CommentsPreview.module.css","512","24-01-2026 14:21:57"
"C:\Users\ELCOT\focus-app\src\components\home\EndOfFeed.js","565","24-01-2026 14:21:57"
"C:\Users\ELCOT\focus-app\src\components\home\EndOfFeed.module.css","699","24-01-2026 14:21:57"
"C:\Users\ELCOT\focus-app\src\components\home\FlashStoriesBar.js","1742","24-01-2026 22:01:11"
"C:\Users\ELCOT\focus-app\src\components\home\FlashStoriesBar.module.css","2516","24-01-2026 22:01:50"
"C:\Users\ELCOT\focus-app\src\components\home\InteractionBar.js","1721","24-01-2026 14:21:57"
"C:\Users\ELCOT\focus-app\src\components\home\InteractionBar.module.css","2381","26-01-2026 12:03:00"
"C:\Users\ELCOT\focus-app\src\components\home\NewPostsBanner.js","537","24-01-2026 14:21:57"
"C:\Users\ELCOT\focus-app\src\components\home\NewPostsBanner.module.css","752","24-01-2026 14:21:57"
"C:\Users\ELCOT\focus-app\src\components\home\PostCaption.js","1389","24-01-2026 14:21:57"
"C:\Users\ELCOT\focus-app\src\components\home\PostCaption.module.css","833","24-01-2026 14:21:57"
"C:\Users\ELCOT\focus-app\src\components\home\PostCard.js","2385","24-01-2026 14:21:57"
"C:\Users\ELCOT\focus-app\src\components\home\PostCard.module.css","444","24-01-2026 14:21:57"
"C:\Users\ELCOT\focus-app\src\components\home\PostHeader.js","1365","24-01-2026 14:21:57"
"C:\Users\ELCOT\focus-app\src\components\home\PostHeader.module.css","1106","24-01-2026 14:21:57"
"C:\Users\ELCOT\focus-app\src\components\home\PostMedia.js","3013","24-01-2026 14:21:57"
"C:\Users\ELCOT\focus-app\src\components\home\PostMedia.module.css","2461","24-01-2026 14:21:57"
"C:\Users\ELCOT\focus-app\src\components\home\PostOptionsMenu.js","2360","24-01-2026 14:21:57"
"C:\Users\ELCOT\focus-app\src\components\home\PostOptionsMenu.module.css","1184","24-01-2026 14:21:57"
"C:\Users\ELCOT\focus-app\src\components\home\StoryTile.js","2585","24-01-2026 14:21:57"
"C:\Users\ELCOT\focus-app\src\components\home\SuggestedUser.js","1525","24-01-2026 14:21:57"
"C:\Users\ELCOT\focus-app\src\components\home\SuggestedUser.module.css","1173","24-01-2026 14:21:57"
"C:\Users\ELCOT\focus-app\src\components\home\VideoPlayer.js","1568","24-01-2026 14:21:57"
"C:\Users\ELCOT\focus-app\src\components\layout\BottomNav.js","2301","24-01-2026 14:21:57"
"C:\Users\ELCOT\focus-app\src\components\layout\BottomNav.module.css","2494","24-01-2026 14:21:57"
"C:\Users\ELCOT\focus-app\src\components\layout\MainLayout.js","713","24-01-2026 14:21:57"
"C:\Users\ELCOT\focus-app\src\components\layout\MainLayout.module.css","548","24-01-2026 14:21:57"
"C:\Users\ELCOT\focus-app\src\components\layout\Sidebar.js","3328","24-01-2026 18:06:15"
"C:\Users\ELCOT\focus-app\src\components\layout\Sidebar.module.css","5299","24-01-2026 14:21:57"
"C:\Users\ELCOT\focus-app\src\components\layout\TopBar.js","4122","24-01-2026 14:21:57"
"C:\Users\ELCOT\focus-app\src\components\layout\TopBar.module.css","3300","24-01-2026 14:21:57"
"C:\Users\ELCOT\focus-app\src\components\messages\AttachmentBar.js","5629","24-01-2026 14:21:57"
"C:\Users\ELCOT\focus-app\src\components\messages\AttachmentBar.module.css","2857","24-01-2026 14:21:57"
"C:\Users\ELCOT\focus-app\src\components\messages\AttachmentMenu.js","3488","24-01-2026 14:21:57"
"C:\Users\ELCOT\focus-app\src\components\messages\AttachmentMenu.module.css","2967","24-01-2026 14:21:57"
"C:\Users\ELCOT\focus-app\src\components\messages\AudioRecorder.js","8237","24-01-2026 14:21:57"
"C:\Users\ELCOT\focus-app\src\components\messages\AudioRecorder.module.css","2981","24-01-2026 14:21:57"
"C:\Users\ELCOT\focus-app\src\components\messages\CallModal.js","12187","24-01-2026 14:21:57"
"C:\Users\ELCOT\focus-app\src\components\messages\CallModal.module.css","4721","24-01-2026 14:21:57"
"C:\Users\ELCOT\focus-app\src\components\messages\CallNotification.js","2478","24-01-2026 14:21:57"
"C:\Users\ELCOT\focus-app\src\components\messages\CallNotification.module.css","1777","24-01-2026 14:21:57"
"C:\Users\ELCOT\focus-app\src\components\messages\ChatFilterTabs.js","1194","24-01-2026 14:21:57"
"C:\Users\ELCOT\focus-app\src\components\messages\ChatFilterTabs.module.css","1517","24-01-2026 14:21:57"
"C:\Users\ELCOT\focus-app\src\components\messages\ChatHeader.js","10657","24-01-2026 18:07:26"
"C:\Users\ELCOT\focus-app\src\components\messages\ChatHeader.module.css","5096","24-01-2026 14:21:57"
"C:\Users\ELCOT\focus-app\src\components\messages\ChatList.js","1502","24-01-2026 14:21:57"
"C:\Users\ELCOT\focus-app\src\components\messages\ChatList.module.css","1806","24-01-2026 14:21:57"
"C:\Users\ELCOT\focus-app\src\components\messages\ChatPane.js","29711","24-01-2026 18:07:55"
"C:\Users\ELCOT\focus-app\src\components\messages\ChatPane.module.css","724","24-01-2026 14:21:57"
"C:\Users\ELCOT\focus-app\src\components\messages\ChatWindow.js","6347","24-01-2026 14:21:57"
"C:\Users\ELCOT\focus-app\src\components\messages\ChatWindow.module.css","2904","24-01-2026 14:21:57"
"C:\Users\ELCOT\focus-app\src\components\messages\CreateGroupModal.js","13476","24-01-2026 14:21:57"
"C:\Users\ELCOT\focus-app\src\components\messages\CreateGroupModal.module.css","6632","24-01-2026 14:21:57"
"C:\Users\ELCOT\focus-app\src\components\messages\DateDivider.js","480","24-01-2026 14:21:57"
"C:\Users\ELCOT\focus-app\src\components\messages\DateDivider.module.css","724","24-01-2026 14:21:57"
"C:\Users\ELCOT\focus-app\src\components\messages\DeleteMessageModal.js","5192","24-01-2026 14:21:57"
"C:\Users\ELCOT\focus-app\src\components\messages\DeleteMessageModal.module.css","3183","24-01-2026 14:21:57"
"C:\Users\ELCOT\focus-app\src\components\messages\DisappearingMessagesSettings.js","3179","24-01-2026 14:21:57"
"C:\Users\ELCOT\focus-app\src\components\messages\DisappearingMessagesSettings.module.css","2946","24-01-2026 14:21:57"
"C:\Users\ELCOT\focus-app\src\components\messages\DraftIndicator.js","499","24-01-2026 14:21:57"
"C:\Users\ELCOT\focus-app\src\components\messages\DraftIndicator.module.css","336","24-01-2026 14:21:57"
"C:\Users\ELCOT\focus-app\src\components\messages\EditMessageModal.js","6301","24-01-2026 18:08:05"
"C:\Users\ELCOT\focus-app\src\components\messages\EditMessageModal.module.css","4554","24-01-2026 14:21:57"
"C:\Users\ELCOT\focus-app\src\components\messages\EmojiPicker.js","2194","24-01-2026 14:21:57"
"C:\Users\ELCOT\focus-app\src\components\messages\EmojiPicker.module.css","2150","24-01-2026 14:21:57"
"C:\Users\ELCOT\focus-app\src\components\messages\EventCreator.js","4781","24-01-2026 14:21:57"
"C:\Users\ELCOT\focus-app\src\components\messages\EventCreator.module.css","2696","24-01-2026 14:21:57"
"C:\Users\ELCOT\focus-app\src\components\messages\EventDisplay.js","3870","24-01-2026 14:21:57"
"C:\Users\ELCOT\focus-app\src\components\messages\EventDisplay.module.css","1931","24-01-2026 14:21:57"
"C:\Users\ELCOT\focus-app\src\components\messages\FavoritesPanel.js","9680","24-01-2026 14:21:57"
"C:\Users\ELCOT\focus-app\src\components\messages\FavoritesPanel.module.css","5373","24-01-2026 14:21:57"
"C:\Users\ELCOT\focus-app\src\components\messages\ForwardMessageModal.js","11096","24-01-2026 18:08:15"
"C:\Users\ELCOT\focus-app\src\components\messages\ForwardMessageModal.module.css","7370","24-01-2026 14:21:57"
"C:\Users\ELCOT\focus-app\src\components\messages\GifPicker.js","5412","24-01-2026 14:21:57"
"C:\Users\ELCOT\focus-app\src\components\messages\GifPicker.module.css","4483","24-01-2026 14:21:57"
"C:\Users\ELCOT\focus-app\src\components\messages\GroupHeader.js","7199","24-01-2026 14:21:57"
"C:\Users\ELCOT\focus-app\src\components\messages\GroupHeader.module.css","4061","24-01-2026 14:21:57"
"C:\Users\ELCOT\focus-app\src\components\messages\InboxPane.js","4191","24-01-2026 14:21:57"
"C:\Users\ELCOT\focus-app\src\components\messages\InboxPane.module.css","2279","24-01-2026 14:21:57"
"C:\Users\ELCOT\focus-app\src\components\messages\LocationPicker.js","4730","24-01-2026 18:08:24"
"C:\Users\ELCOT\focus-app\src\components\messages\LocationPicker.module.css","3092","24-01-2026 14:21:57"
"C:\Users\ELCOT\focus-app\src\components\messages\MediaPreviewModal.js","9173","24-01-2026 18:08:35"
"C:\Users\ELCOT\focus-app\src\components\messages\MediaPreviewModal.module.css","5192","24-01-2026 14:21:57"
"C:\Users\ELCOT\focus-app\src\components\messages\MessageActions.js","5789","24-01-2026 14:21:57"
"C:\Users\ELCOT\focus-app\src\components\messages\MessageActions.module.css","3406","24-01-2026 14:21:57"
"C:\Users\ELCOT\focus-app\src\components\messages\MessageBubble.js","5826","24-01-2026 18:08:55"
"C:\Users\ELCOT\focus-app\src\components\messages\MessageBubble.module.css","5238","24-01-2026 14:21:57"
"C:\Users\ELCOT\focus-app\src\components\messages\MessageInputBar.js","11418","24-01-2026 14:21:57"
"C:\Users\ELCOT\focus-app\src\components\messages\MessageInputBar.module.css","5224","24-01-2026 14:21:57"
"C:\Users\ELCOT\focus-app\src\components\messages\MessageList.js","5360","24-01-2026 14:21:57"
"C:\Users\ELCOT\focus-app\src\components\messages\MessageList.module.css","1559","24-01-2026 14:21:57"
"C:\Users\ELCOT\focus-app\src\components\messages\MessageReactions.js","2013","24-01-2026 14:21:57"
"C:\Users\ELCOT\focus-app\src\components\messages\MessageReactions.module.css","2430","24-01-2026 14:21:57"
"C:\Users\ELCOT\focus-app\src\components\messages\MessageSearchModal.js","12191","24-01-2026 14:21:57"
"C:\Users\ELCOT\focus-app\src\components\messages\MessageSearchModal.module.css","6451","24-01-2026 14:21:57"
"C:\Users\ELCOT\focus-app\src\components\messages\MessageSearchPanel.js","7985","24-01-2026 18:09:02"
"C:\Users\ELCOT\focus-app\src\components\messages\MessageSearchPanel.module.css","5383","24-01-2026 14:21:57"
"C:\Users\ELCOT\focus-app\src\components\messages\MessageStatusTicks.js","2970","24-01-2026 14:21:57"
"C:\Users\ELCOT\focus-app\src\components\messages\MessageStatusTicks.module.css","1308","24-01-2026 14:21:57"
"C:\Users\ELCOT\focus-app\src\components\messages\NewMessageButton.js","798","24-01-2026 14:21:57"
"C:\Users\ELCOT\focus-app\src\components\messages\NewMessageButton.module.css","728","24-01-2026 14:21:57"
"C:\Users\ELCOT\focus-app\src\components\messages\NewMessageModal.js","11376","24-01-2026 14:21:57"
"C:\Users\ELCOT\focus-app\src\components\messages\NewMessageModal.module.css","5032","24-01-2026 14:21:57"
"C:\Users\ELCOT\focus-app\src\components\messages\PINLockScreen.js","5563","24-01-2026 14:21:57"
"C:\Users\ELCOT\focus-app\src\components\messages\PINLockScreen.module.css","2680","24-01-2026 14:21:57"
"C:\Users\ELCOT\focus-app\src\components\messages\PinnedChatIndicator.js","558","24-01-2026 14:21:57"
"C:\Users\ELCOT\focus-app\src\components\messages\PinnedChatIndicator.module.css","264","24-01-2026 14:21:57"
"C:\Users\ELCOT\focus-app\src\components\messages\PinnedMessagesBanner.js","7975","24-01-2026 14:21:57"
"C:\Users\ELCOT\focus-app\src\components\messages\PinnedMessagesBanner.module.css","5386","24-01-2026 14:21:57"
"C:\Users\ELCOT\focus-app\src\components\messages\PinnedMessagesPanel.js","8158","24-01-2026 18:09:10"
"C:\Users\ELCOT\focus-app\src\components\messages\PinnedMessagesPanel.module.css","4475","24-01-2026 14:21:57"
"C:\Users\ELCOT\focus-app\src\components\messages\PollCreator.js","5259","24-01-2026 14:21:57"
"C:\Users\ELCOT\focus-app\src\components\messages\PollCreator.module.css","3640","24-01-2026 14:21:57"
"C:\Users\ELCOT\focus-app\src\components\messages\PollDisplay.js","2433","24-01-2026 14:21:57"
"C:\Users\ELCOT\focus-app\src\components\messages\PollDisplay.module.css","1704","24-01-2026 14:21:57"
"C:\Users\ELCOT\focus-app\src\components\messages\ReactionPicker.js","1478","24-01-2026 14:21:57"
"C:\Users\ELCOT\focus-app\src\components\messages\ReactionPicker.module.css","1849","24-01-2026 14:21:57"
"C:\Users\ELCOT\focus-app\src\components\messages\ReadReceipt.js","2272","24-01-2026 14:21:57"
"C:\Users\ELCOT\focus-app\src\components\messages\ReadReceipt.module.css","238","24-01-2026 14:21:57"
"C:\Users\ELCOT\focus-app\src\components\messages\ReadReceiptSettings.js","5378","24-01-2026 14:21:57"
"C:\Users\ELCOT\focus-app\src\components\messages\ReadReceiptSettings.module.css","3179","24-01-2026 14:21:57"
"C:\Users\ELCOT\focus-app\src\components\messages\ReplyPreview.js","3247","24-01-2026 14:21:57"
"C:\Users\ELCOT\focus-app\src\components\messages\ReplyPreview.module.css","2198","24-01-2026 14:21:57"
"C:\Users\ELCOT\focus-app\src\components\messages\ScheduleMessageModal.js","6378","24-01-2026 14:21:57"
"C:\Users\ELCOT\focus-app\src\components\messages\ScheduleMessageModal.module.css","4057","24-01-2026 14:21:57"
"C:\Users\ELCOT\focus-app\src\components\messages\SilentModeToggle.js","1058","24-01-2026 14:21:57"
"C:\Users\ELCOT\focus-app\src\components\messages\SilentModeToggle.module.css","586","24-01-2026 14:21:57"
"C:\Users\ELCOT\focus-app\src\components\messages\SmartReplies.js","1986","24-01-2026 18:09:20"
"C:\Users\ELCOT\focus-app\src\components\messages\SmartReplies.module.css","1584","24-01-2026 14:21:57"
"C:\Users\ELCOT\focus-app\src\components\messages\StickerPicker.js","11445","24-01-2026 14:21:57"
"C:\Users\ELCOT\focus-app\src\components\messages\StickerPicker.module.css","4351","24-01-2026 14:21:57"
"C:\Users\ELCOT\focus-app\src\components\messages\ThreadItem.js","3228","24-01-2026 14:21:57"
"C:\Users\ELCOT\focus-app\src\components\messages\ThreadItem.module.css","2565","24-01-2026 14:21:57"
"C:\Users\ELCOT\focus-app\src\components\messages\ThreadSearchBar.js","1580","24-01-2026 14:21:57"
"C:\Users\ELCOT\focus-app\src\components\messages\ThreadSearchBar.module.css","1428","24-01-2026 14:21:57"
"C:\Users\ELCOT\focus-app\src\components\messages\TranslateButton.js","1527","24-01-2026 14:21:57"
"C:\Users\ELCOT\focus-app\src\components\messages\TranslateButton.module.css","1386","24-01-2026 14:21:57"
"C:\Users\ELCOT\focus-app\src\components\messages\TypingIndicator.js","1555","24-01-2026 14:21:57"
"C:\Users\ELCOT\focus-app\src\components\messages\TypingIndicator.module.css","1779","24-01-2026 14:21:57"
"C:\Users\ELCOT\focus-app\src\components\messages\UserInfoModal.js","2479","24-01-2026 14:21:57"
"C:\Users\ELCOT\focus-app\src\components\messages\UserInfoModal.module.css","2000","24-01-2026 14:21:57"
"C:\Users\ELCOT\focus-app\src\components\messages\VideoNoteRecorder.js","5425","24-01-2026 18:09:30"
"C:\Users\ELCOT\focus-app\src\components\messages\VideoNoteRecorder.module.css","3117","24-01-2026 14:21:57"
"C:\Users\ELCOT\focus-app\src\components\messages\VoiceMessagePlayer.js","3787","24-01-2026 14:21:57"
"C:\Users\ELCOT\focus-app\src\components\messages\VoiceMessagePlayer.module.css","3591","24-01-2026 14:21:57"
"C:\Users\ELCOT\focus-app\src\components\modals\BoltzCommentsSheet.js","1188","24-01-2026 14:21:57"
"C:\Users\ELCOT\focus-app\src\components\modals\BoltzCommentsSheet.module.css","3938","24-01-2026 14:21:57"
"C:\Users\ELCOT\focus-app\src\components\modals\BoltzOptionsModal.js","11147","01-02-2026 20:08:10"
"C:\Users\ELCOT\focus-app\src\components\modals\BoltzOptionsModal.module.css","1696","24-01-2026 14:21:57"
"C:\Users\ELCOT\focus-app\src\components\modals\BoltzShareModal.js","2146","24-01-2026 14:21:57"
"C:\Users\ELCOT\focus-app\src\components\modals\BoltzShareModal.module.css","1155","24-01-2026 14:21:57"
"C:\Users\ELCOT\focus-app\src\components\modals\BoltzViewerModal.js","2335","24-01-2026 14:21:57"
"C:\Users\ELCOT\focus-app\src\components\modals\BoltzViewerModal.module.css","2377","24-01-2026 14:21:57"
"C:\Users\ELCOT\focus-app\src\components\modals\DeleteAccountModal.js","3835","26-01-2026 13:29:52"
"C:\Users\ELCOT\focus-app\src\components\modals\DeleteAccountModal.module.css","3888","26-01-2026 13:30:09"
"C:\Users\ELCOT\focus-app\src\components\modals\FlashInsights.js","12332","24-01-2026 22:01:42"
"C:\Users\ELCOT\focus-app\src\components\modals\FlashInsights.module.css","6623","24-01-2026 14:21:57"
"C:\Users\ELCOT\focus-app\src\components\modals\FlashViewer.js","14654","26-01-2026 12:30:00"
"C:\Users\ELCOT\focus-app\src\components\modals\FlashViewer.module.css","6975","24-01-2026 14:21:57"
"C:\Users\ELCOT\focus-app\src\components\modals\GuardianVerificationModal.js","6567","26-01-2026 14:10:25"
"C:\Users\ELCOT\focus-app\src\components\modals\GuardianVerificationModal.module.css","4961","26-01-2026 14:10:27"
"C:\Users\ELCOT\focus-app\src\components\modals\MusicPageModal.js","823","24-01-2026 14:21:57"
"C:\Users\ELCOT\focus-app\src\components\modals\MusicPageModal.module.css","766","24-01-2026 14:21:57"
"C:\Users\ELCOT\focus-app\src\components\modals\PostDetailModal.js","7704","24-01-2026 14:21:57"
"C:\Users\ELCOT\focus-app\src\components\modals\PostDetailModal.module.css","4398","24-01-2026 14:21:57"
"C:\Users\ELCOT\focus-app\src\components\modals\PostOptionsModal.js","8596","01-02-2026 20:08:10"
"C:\Users\ELCOT\focus-app\src\components\modals\PostOptionsModal.module.css","1696","24-01-2026 14:21:57"
"C:\Users\ELCOT\focus-app\src\components\modals\ShareModal.js","5267","24-01-2026 18:10:21"
"C:\Users\ELCOT\focus-app\src\components\modals\ShareModal.module.css","3263","24-01-2026 14:21:57"
"C:\Users\ELCOT\focus-app\src\components\modals\UserProfileModal.js","1799","24-01-2026 14:21:57"
"C:\Users\ELCOT\focus-app\src\components\modals\UserProfileModal.module.css","2106","24-01-2026 14:21:57"
"C:\Users\ELCOT\focus-app\src\components\moderation\AppealForm.js","3105","24-01-2026 14:21:57"
"C:\Users\ELCOT\focus-app\src\components\moderation\BlockedContentBadge.js","625","24-01-2026 14:21:57"
"C:\Users\ELCOT\focus-app\src\components\moderation\ContentFilter.js","4702","24-01-2026 18:10:27"
"C:\Users\ELCOT\focus-app\src\components\moderation\WarningModal.js","1371","24-01-2026 14:21:57"
"C:\Users\ELCOT\focus-app\src\components\moderation\WarningModal.module.css","1623","24-01-2026 14:21:57"
"C:\Users\ELCOT\focus-app\src\components\notifications\EmptyState.js","2732","24-01-2026 14:21:57"
"C:\Users\ELCOT\focus-app\src\components\notifications\EmptyState.module.css","1128","24-01-2026 14:21:57"
"C:\Users\ELCOT\focus-app\src\components\notifications\MarkAllReadButton.js","625","24-01-2026 14:21:57"
"C:\Users\ELCOT\focus-app\src\components\notifications\MarkAllReadButton.module.css","1611","24-01-2026 14:21:57"
"C:\Users\ELCOT\focus-app\src\components\notifications\NotificationActions.js","5714","24-01-2026 14:21:57"
"C:\Users\ELCOT\focus-app\src\components\notifications\NotificationActions.module.css","458","24-01-2026 14:21:57"
"C:\Users\ELCOT\focus-app\src\components\notifications\NotificationCard.js","4866","24-01-2026 14:21:57"
"C:\Users\ELCOT\focus-app\src\components\notifications\NotificationCard.module.css","3128","24-01-2026 14:21:57"
"C:\Users\ELCOT\focus-app\src\components\notifications\NotificationItem.js","1854","24-01-2026 14:21:57"
"C:\Users\ELCOT\focus-app\src\components\notifications\NotificationItem.module.css","1242","24-01-2026 14:21:57"
"C:\Users\ELCOT\focus-app\src\components\notifications\NotificationList.js","1609","24-01-2026 14:21:57"
"C:\Users\ELCOT\focus-app\src\components\notifications\NotificationList.module.css","907","24-01-2026 14:21:57"
"C:\Users\ELCOT\focus-app\src\components\notifications\NotificationMedia.js","774","24-01-2026 14:21:57"
"C:\Users\ELCOT\focus-app\src\components\notifications\NotificationMedia.module.css","979","24-01-2026 14:21:57"
"C:\Users\ELCOT\focus-app\src\components\notifications\NotificationSettingsShortcut.js","692","24-01-2026 14:21:57"
"C:\Users\ELCOT\focus-app\src\components\notifications\NotificationSettingsShortcut.module.css","1312","24-01-2026 14:21:57"
"C:\Users\ELCOT\focus-app\src\components\notifications\NotificationsSkeleton.js","749","24-01-2026 14:21:57"
"C:\Users\ELCOT\focus-app\src\components\notifications\NotificationsSkeleton.module.css","2058","24-01-2026 14:21:57"
"C:\Users\ELCOT\focus-app\src\components\notifications\NotificationsTabs.js","2092","24-01-2026 14:21:57"
"C:\Users\ELCOT\focus-app\src\components\notifications\NotificationsTabs.module.css","4017","24-01-2026 14:21:57"
"C:\Users\ELCOT\focus-app\src\components\onboarding\InterestCard.js","659","24-01-2026 14:21:57"
"C:\Users\ELCOT\focus-app\src\components\onboarding\InterestCard.module.css","1023","24-01-2026 14:21:57"
"C:\Users\ELCOT\focus-app\src\components\onboarding\OnboardingStepper.js","2299","24-01-2026 21:24:35"
"C:\Users\ELCOT\focus-app\src\components\onboarding\OnboardingStepper.module.css","810","24-01-2026 14:21:57"
"C:\Users\ELCOT\focus-app\src\components\onboarding\ProfilePictureUpload.js","2717","24-01-2026 21:17:39"
"C:\Users\ELCOT\focus-app\src\components\onboarding\ProfilePictureUpload.module.css","1247","24-01-2026 14:21:57"
"C:\Users\ELCOT\focus-app\src\components\onboarding\ProgressBar.js","632","24-01-2026 14:21:57"
"C:\Users\ELCOT\focus-app\src\components\onboarding\ProgressBar.module.css","596","24-01-2026 14:21:57"
"C:\Users\ELCOT\focus-app\src\components\onboarding\StepAgeVerification.js","2333","24-01-2026 21:26:12"
"C:\Users\ELCOT\focus-app\src\components\onboarding\StepAgeVerification.module.css","530","24-01-2026 21:24:12"
"C:\Users\ELCOT\focus-app\src\components\onboarding\StepFeatureTour.js","3124","24-01-2026 14:21:57"
"C:\Users\ELCOT\focus-app\src\components\onboarding\StepFeatureTour.module.css","1821","24-01-2026 14:21:57"
"C:\Users\ELCOT\focus-app\src\components\onboarding\StepFollowUsers.js","5677","24-01-2026 21:17:59"
"C:\Users\ELCOT\focus-app\src\components\onboarding\StepFollowUsers.module.css","1960","24-01-2026 14:21:57"
"C:\Users\ELCOT\focus-app\src\components\onboarding\StepInterests.js","2794","24-01-2026 21:17:50"
"C:\Users\ELCOT\focus-app\src\components\onboarding\StepInterests.module.css","1088","24-01-2026 14:21:58"
"C:\Users\ELCOT\focus-app\src\components\onboarding\StepNotifications.js","2052","24-01-2026 21:23:20"
"C:\Users\ELCOT\focus-app\src\components\onboarding\StepNotifications.module.css","1783","24-01-2026 14:21:58"
"C:\Users\ELCOT\focus-app\src\components\onboarding\StepTrustShield.js","1967","24-01-2026 21:24:02"
"C:\Users\ELCOT\focus-app\src\components\onboarding\StepTrustShield.module.css","409","24-01-2026 21:24:22"
"C:\Users\ELCOT\focus-app\src\components\onboarding\StepWelcome.js","2844","24-01-2026 21:17:32"
"C:\Users\ELCOT\focus-app\src\components\onboarding\StepWelcome.module.css","1227","24-01-2026 14:21:58"
"C:\Users\ELCOT\focus-app\src\components\onboarding\SuggestedUserCard.js","2100","24-01-2026 14:21:58"
"C:\Users\ELCOT\focus-app\src\components\onboarding\SuggestedUserCard.module.css","1523","24-01-2026 14:21:58"
"C:\Users\ELCOT\focus-app\src\components\posts\CommentsSection.js","6614","24-01-2026 14:21:58"
"C:\Users\ELCOT\focus-app\src\components\posts\CommentsSection.module.css","3777","24-01-2026 14:21:58"
"C:\Users\ELCOT\focus-app\src\components\posts\LikesModal.js","3041","24-01-2026 14:21:58"
"C:\Users\ELCOT\focus-app\src\components\posts\LikesModal.module.css","2941","24-01-2026 14:21:58"
"C:\Users\ELCOT\focus-app\src\components\posts\MediaCarousel.js","4406","24-01-2026 18:10:40"
"C:\Users\ELCOT\focus-app\src\components\posts\MediaCarousel.module.css","2045","24-01-2026 14:21:58"
"C:\Users\ELCOT\focus-app\src\components\posts\PostCard.js","13033","24-01-2026 14:21:58"
"C:\Users\ELCOT\focus-app\src\components\posts\PostCard.module.css","1341","24-01-2026 14:21:58"
"C:\Users\ELCOT\focus-app\src\components\posts\PostDetailModal.js","7584","24-01-2026 14:21:58"
"C:\Users\ELCOT\focus-app\src\components\posts\PostDetailModal.module.css","4501","24-01-2026 14:21:58"
"C:\Users\ELCOT\focus-app\src\components\posts\ShareModal.js","29523","24-01-2026 18:11:17"
"C:\Users\ELCOT\focus-app\src\components\posts\ShareModal.module.css","8495","24-01-2026 14:21:58"
"C:\Users\ELCOT\focus-app\src\components\posts\VideoPlayer.js","4119","24-01-2026 14:21:58"
"C:\Users\ELCOT\focus-app\src\components\posts\VideoPlayer.module.css","2478","24-01-2026 14:21:58"
"C:\Users\ELCOT\focus-app\src\components\Profile\BoltzDetailModal.js","839","24-01-2026 20:26:09"
"C:\Users\ELCOT\focus-app\src\components\Profile\FollowersModal.js","565","24-01-2026 20:25:43"
"C:\Users\ELCOT\focus-app\src\components\Profile\FollowingModal.js","471","24-01-2026 20:26:04"
"C:\Users\ELCOT\focus-app\src\components\Profile\HighlightCarousel.js","1009","24-01-2026 20:25:18"
"C:\Users\ELCOT\focus-app\src\components\Profile\HighlightsViewerModal.js","1302","24-01-2026 20:26:18"
"C:\Users\ELCOT\focus-app\src\components\Profile\ProfileGrid.js","960","24-01-2026 20:25:33"
"C:\Users\ELCOT\focus-app\src\components\Profile\ProfileHeader.js","1433","24-01-2026 20:25:12"
"C:\Users\ELCOT\focus-app\src\components\Profile\ProfileTabs.js","757","24-01-2026 20:25:25"
"C:\Users\ELCOT\focus-app\src\components\report\ReportButton.js","1801","24-01-2026 14:21:58"
"C:\Users\ELCOT\focus-app\src\components\report\ReportButton.module.css","455","24-01-2026 14:21:58"
"C:\Users\ELCOT\focus-app\src\components\report\ReportHistoryCard.js","1941","24-01-2026 14:21:58"
"C:\Users\ELCOT\focus-app\src\components\report\ReportHistoryCard.module.css","2424","24-01-2026 14:21:58"
"C:\Users\ELCOT\focus-app\src\components\report\ReportModal.js","6826","24-01-2026 14:21:58"
"C:\Users\ELCOT\focus-app\src\components\report\ReportModal.module.css","5617","24-01-2026 14:21:58"
"C:\Users\ELCOT\focus-app\src\components\resources\EducationalResourcesMain.js","4467","24-01-2026 14:21:58"
"C:\Users\ELCOT\focus-app\src\components\resources\EducationalResourcesMain.module.css","3096","24-01-2026 14:21:58"
"C:\Users\ELCOT\focus-app\src\components\settings\AboutSection.js","4024","24-01-2026 14:21:58"
"C:\Users\ELCOT\focus-app\src\components\settings\AboutSection.module.css","2910","24-01-2026 14:21:58"
"C:\Users\ELCOT\focus-app\src\components\settings\AccountSection.js","3901","26-01-2026 14:21:07"
"C:\Users\ELCOT\focus-app\src\components\settings\AccountSection.module.css","2023","24-01-2026 14:21:58"
"C:\Users\ELCOT\focus-app\src\components\settings\AppearanceSection.js","8996","24-01-2026 14:21:58"
"C:\Users\ELCOT\focus-app\src\components\settings\AppearanceSection.module.css","2545","24-01-2026 14:21:58"
"C:\Users\ELCOT\focus-app\src\components\settings\BlockedUsers.js","3634","24-01-2026 14:21:58"
"C:\Users\ELCOT\focus-app\src\components\settings\BlockedUsers.module.css","2362","24-01-2026 14:21:58"
"C:\Users\ELCOT\focus-app\src\components\settings\ChangePasswordModal.js","5948","24-01-2026 14:21:58"
"C:\Users\ELCOT\focus-app\src\components\settings\ChangePasswordModal.module.css","1070","24-01-2026 14:21:58"
"C:\Users\ELCOT\focus-app\src\components\settings\DeleteAccountModal.js","6535","24-01-2026 14:21:58"
"C:\Users\ELCOT\focus-app\src\components\settings\DeleteAccountModal.module.css","2356","24-01-2026 14:21:58"
"C:\Users\ELCOT\focus-app\src\components\settings\FeedbackModal.js","6256","24-01-2026 18:12:18"
"C:\Users\ELCOT\focus-app\src\components\settings\FeedbackModal.module.css","3378","24-01-2026 14:21:58"
"C:\Users\ELCOT\focus-app\src\components\settings\LinkedAccounts.js","4185","24-01-2026 14:21:58"
"C:\Users\ELCOT\focus-app\src\components\settings\LinkedAccounts.module.css","1930","24-01-2026 14:21:58"
"C:\Users\ELCOT\focus-app\src\components\settings\LogoutButton.js","3041","24-01-2026 14:21:58"
"C:\Users\ELCOT\focus-app\src\components\settings\LogOutButton.module.css","1935","24-01-2026 14:21:58"
"C:\Users\ELCOT\focus-app\src\components\settings\NotificationSection.js","7740","24-01-2026 18:12:27"
"C:\Users\ELCOT\focus-app\src\components\settings\NotificationSection.module.css","1722","24-01-2026 14:21:58"
"C:\Users\ELCOT\focus-app\src\components\settings\NotificationSoundPicker.js","2400","24-01-2026 14:21:58"
"C:\Users\ELCOT\focus-app\src\components\settings\NotificationSoundPicker.module.css","1781","24-01-2026 14:21:58"
"C:\Users\ELCOT\focus-app\src\components\settings\PrivacySection.js","10039","24-01-2026 14:21:58"
"C:\Users\ELCOT\focus-app\src\components\settings\PrivacySection.module.css","970","24-01-2026 14:21:58"
"C:\Users\ELCOT\focus-app\src\components\settings\ProfileSection.js","8818","24-01-2026 14:21:58"
"C:\Users\ELCOT\focus-app\src\components\settings\ProfileSection.module.css","1744","24-01-2026 14:21:58"
"C:\Users\ELCOT\focus-app\src\components\settings\SessionManager.js","5488","24-01-2026 14:21:58"
"C:\Users\ELCOT\focus-app\src\components\settings\SessionManager.module.css","2932","24-01-2026 14:21:58"
"C:\Users\ELCOT\focus-app\src\components\settings\SettingsSection.js","2022","24-01-2026 14:21:58"
"C:\Users\ELCOT\focus-app\src\components\settings\SettingsSection.module.css","2578","24-01-2026 14:21:58"
"C:\Users\ELCOT\focus-app\src\components\settings\SettingsSidebar.js","1132","24-01-2026 14:21:58"
"C:\Users\ELCOT\focus-app\src\components\settings\SettingsSidebar.module.css","1963","24-01-2026 14:21:58"
"C:\Users\ELCOT\focus-app\src\components\settings\SupportSection.js","6630","24-01-2026 18:12:35"
"C:\Users\ELCOT\focus-app\src\components\settings\SupportSection.module.css","1477","24-01-2026 14:21:58"
"C:\Users\ELCOT\focus-app\src\components\shared\Avatar.js","624","24-01-2026 14:21:58"
"C:\Users\ELCOT\focus-app\src\components\shared\Avatar.module.css","1375","24-01-2026 14:21:58"
"C:\Users\ELCOT\focus-app\src\components\shared\BadgeCount.js","1050","24-01-2026 14:21:58"
"C:\Users\ELCOT\focus-app\src\components\shared\BadgeCount.module.css","619","24-01-2026 14:21:58"
"C:\Users\ELCOT\focus-app\src\components\shared\BadgeIcon.js","1230","24-01-2026 14:21:58"
"C:\Users\ELCOT\focus-app\src\components\shared\Button.js","671","24-01-2026 14:21:58"
"C:\Users\ELCOT\focus-app\src\components\shared\Button.module.css","2971","24-01-2026 14:21:58"
"C:\Users\ELCOT\focus-app\src\components\shared\Checkbox.js","667","24-01-2026 14:21:58"
"C:\Users\ELCOT\focus-app\src\components\shared\Checkbox.module.css","1207","24-01-2026 14:21:58"
"C:\Users\ELCOT\focus-app\src\components\shared\ContentWarning.js","2070","24-01-2026 14:21:58"
"C:\Users\ELCOT\focus-app\src\components\shared\ContentWarning.module.css","1173","24-01-2026 14:21:58"
"C:\Users\ELCOT\focus-app\src\components\shared\Draggable.js","6666","24-01-2026 14:21:58"
"C:\Users\ELCOT\focus-app\src\components\shared\FloatingButton.js","1302","24-01-2026 14:21:58"
"C:\Users\ELCOT\focus-app\src\components\shared\FloatingButton.module.css","1837","24-01-2026 14:21:58"
"C:\Users\ELCOT\focus-app\src\components\shared\ImageCropper.js","957","24-01-2026 18:12:45"
"C:\Users\ELCOT\focus-app\src\components\shared\ImageCropper.module.css","1004","24-01-2026 14:21:58"
"C:\Users\ELCOT\focus-app\src\components\shared\Input.js","1101","24-01-2026 14:21:58"
"C:\Users\ELCOT\focus-app\src\components\shared\Input.module.css","2028","24-01-2026 14:21:58"
"C:\Users\ELCOT\focus-app\src\components\shared\LoadingSkeleton.js","630","24-01-2026 14:21:58"
"C:\Users\ELCOT\focus-app\src\components\shared\LoadingSkeleton.module.css","942","24-01-2026 14:21:58"
"C:\Users\ELCOT\focus-app\src\components\shared\LoadingSpinner.js","357","24-01-2026 14:21:58"
"C:\Users\ELCOT\focus-app\src\components\shared\LoadingSpinner.module.css","426","24-01-2026 14:21:58"
"C:\Users\ELCOT\focus-app\src\components\shared\Modal.js","1763","24-01-2026 14:21:58"
"C:\Users\ELCOT\focus-app\src\components\shared\Modal.module.css","2969","24-01-2026 14:21:58"
"C:\Users\ELCOT\focus-app\src\components\shared\OfflineIndicator.js","1706","24-01-2026 14:21:58"
"C:\Users\ELCOT\focus-app\src\components\shared\OfflineIndicator.module.css","1238","24-01-2026 14:21:58"
"C:\Users\ELCOT\focus-app\src\components\shared\Select.js","3891","24-01-2026 18:12:52"
"C:\Users\ELCOT\focus-app\src\components\shared\Select.module.css","3707","24-01-2026 14:21:58"
"C:\Users\ELCOT\focus-app\src\components\shared\TagInput.js","1876","24-01-2026 14:21:58"
"C:\Users\ELCOT\focus-app\src\components\shared\TagInput.module.css","1231","24-01-2026 14:21:58"
"C:\Users\ELCOT\focus-app\src\components\shared\Toast.js","514","24-01-2026 14:21:58"
"C:\Users\ELCOT\focus-app\src\components\shared\Toast.module.css","829","24-01-2026 14:21:58"
"C:\Users\ELCOT\focus-app\src\components\shared\Toggle.js","1455","24-01-2026 14:21:58"
"C:\Users\ELCOT\focus-app\src\components\shared\Toggle.module.css","2017","24-01-2026 14:21:58"
"C:\Users\ELCOT\focus-app\src\components\shared\VerifiedBadge.js","396","24-01-2026 14:21:58"
"C:\Users\ELCOT\focus-app\src\components\shared\VerifiedBadge.module.css","91","24-01-2026 14:21:58"
"C:\Users\ELCOT\focus-app\src\components\teen\AgeVerification.js","2124","24-01-2026 14:21:58"
"C:\Users\ELCOT\focus-app\src\components\teen\AgeVerification.module.css","1266","24-01-2026 14:21:58"
"C:\Users\ELCOT\focus-app\src\components\teen\ContactRestrictions.js","2220","24-01-2026 14:21:58"
"C:\Users\ELCOT\focus-app\src\components\teen\ContactRestrictions.module.css","262","24-01-2026 14:21:58"
"C:\Users\ELCOT\focus-app\src\components\teen\EmergencyPanicButtonMain.js","1814","24-01-2026 14:21:58"
"C:\Users\ELCOT\focus-app\src\components\teen\EmergencyPanicButtonMain.module.css","2829","24-01-2026 14:21:58"
"C:\Users\ELCOT\focus-app\src\components\teen\PrivacyControls.js","1237","24-01-2026 14:21:58"
"C:\Users\ELCOT\focus-app\src\components\teen\PrivacyControls.module.css","1398","24-01-2026 14:21:58"
"C:\Users\ELCOT\focus-app\src\components\teen\TeenSafetySettingsMain.js","3581","24-01-2026 14:21:58"
"C:\Users\ELCOT\focus-app\src\components\teen\TeenSafetySettingsMain.module.css","827","24-01-2026 14:21:58"
"C:\Users\ELCOT\focus-app\src\components\teencare\ActivityOverview.css","5117","24-01-2026 14:21:58"
"C:\Users\ELCOT\focus-app\src\components\teencare\ActivityOverview.js","8760","24-01-2026 14:21:58"
"C:\Users\ELCOT\focus-app\src\components\teencare\ActivityOverview.module.css","5647","24-01-2026 14:21:58"
"C:\Users\ELCOT\focus-app\src\components\teencare\AgeVerificationModal.js","8986","24-01-2026 18:13:04"
"C:\Users\ELCOT\focus-app\src\components\teencare\AgeVerificationModal.module.css","4047","24-01-2026 14:21:58"
"C:\Users\ELCOT\focus-app\src\components\teencare\ControlsPanel.css","6232","24-01-2026 14:21:58"
"C:\Users\ELCOT\focus-app\src\components\teencare\ControlsPanel.js","20111","24-01-2026 14:21:58"
"C:\Users\ELCOT\focus-app\src\components\teencare\ControlsPanel.module.css","6207","24-01-2026 14:21:58"
"C:\Users\ELCOT\focus-app\src\components\teencare\GuardianInvitation.js","6698","24-01-2026 18:13:10"
"C:\Users\ELCOT\focus-app\src\components\teencare\GuardianInvitation.module.css","5106","24-01-2026 14:21:58"
"C:\Users\ELCOT\focus-app\src\components\teencare\PanicButton.js","3098","24-01-2026 14:21:58"
"C:\Users\ELCOT\focus-app\src\components\teencare\PanicButton.module.css","2715","24-01-2026 14:21:58"
"C:\Users\ELCOT\focus-app\src\components\teencare\SafetyAlertsPanel.css","6159","24-01-2026 14:21:58"
"C:\Users\ELCOT\focus-app\src\components\teencare\SafetyAlertsPanel.js","9915","24-01-2026 14:21:58"
"C:\Users\ELCOT\focus-app\src\components\teencare\SafetyAlertsPanel.module.css","6553","24-01-2026 14:21:58"
"C:\Users\ELCOT\focus-app\src\components\trustShield\BiometricLock.js","4304","24-01-2026 14:21:58"
"C:\Users\ELCOT\focus-app\src\components\trustShield\BiometricVerification.js","3254","24-01-2026 14:21:58"
"C:\Users\ELCOT\focus-app\src\components\trustShield\CaptchaChallenge.js","1682","24-01-2026 14:21:58"
"C:\Users\ELCOT\focus-app\src\components\trustShield\DeviceList.js","3206","24-01-2026 19:58:00"
"C:\Users\ELCOT\focus-app\src\components\trustShield\DeviceList.module.css","1653","24-01-2026 14:21:58"
"C:\Users\ELCOT\focus-app\src\components\trustShield\OAuthLinker.js","3560","24-01-2026 14:21:58"
"C:\Users\ELCOT\focus-app\src\components\trustShield\SecurityEventLog.js","1460","24-01-2026 14:21:58"
"C:\Users\ELCOT\focus-app\src\components\trustShield\SecurityEventLog.module.css","557","24-01-2026 14:21:58"
"C:\Users\ELCOT\focus-app\src\components\trustShield\SuspiciousActivityAlert.js","1936","24-01-2026 14:21:58"
"C:\Users\ELCOT\focus-app\src\components\trustShield\TrustBadge.js","1544","24-01-2026 19:58:14"
"C:\Users\ELCOT\focus-app\src\components\trustShield\TrustBadge.module.css","166","24-01-2026 14:21:58"
"C:\Users\ELCOT\focus-app\src\components\trustShield\TrustProgress.js","1457","24-01-2026 14:21:58"
"C:\Users\ELCOT\focus-app\src\components\trustShield\TrustProgress.module.css","447","24-01-2026 14:21:58"
"C:\Users\ELCOT\focus-app\src\components\trustShield\TrustScoreBreakdown.js","2751","24-01-2026 18:13:33"
"C:\Users\ELCOT\focus-app\src\components\trustShield\TrustScoreBreakdown.module.css","826","24-01-2026 14:21:58"
"C:\Users\ELCOT\focus-app\src\components\trustShield\TrustScoreCard.js","3472","24-01-2026 14:21:58"
"C:\Users\ELCOT\focus-app\src\components\trustShield\TrustScoreCard.module.css","1734","24-01-2026 14:21:58"
"C:\Users\ELCOT\focus-app\src\components\trustShield\TrustScoreGauge.js","2810","24-01-2026 14:21:58"
"C:\Users\ELCOT\focus-app\src\components\trustShield\TrustScoreGauge.module.css","1080","24-01-2026 14:21:58"
"C:\Users\ELCOT\focus-app\src\components\trustShield\TrustScoreProgress.js","1647","24-01-2026 14:21:58"
"C:\Users\ELCOT\focus-app\src\components\trustShield\TrustScoreProgress.module.css","711","24-01-2026 14:21:58"
"C:\Users\ELCOT\focus-app\src\components\trustShield\VerificationCard.js","2720","24-01-2026 14:21:58"
"C:\Users\ELCOT\focus-app\src\components\trustShield\VerificationStep.js","1539","24-01-2026 14:21:58"
"C:\Users\ELCOT\focus-app\src\components\trustShield\VerificationStep.module.css","2021","24-01-2026 14:21:58"
"C:\Users\ELCOT\focus-app\src\components\ui\Avatar.js","946","24-01-2026 14:21:58"
"C:\Users\ELCOT\focus-app\src\components\ui\Avatar.module.css","1266","24-01-2026 14:21:58"
"C:\Users\ELCOT\focus-app\src\components\ui\Badge.js","325","24-01-2026 14:21:58"
"C:\Users\ELCOT\focus-app\src\components\ui\Badge.module.css","601","24-01-2026 14:21:58"
"C:\Users\ELCOT\focus-app\src\components\ui\Button.js","736","24-01-2026 14:21:58"
"C:\Users\ELCOT\focus-app\src\components\ui\Button.module.css","3206","24-01-2026 14:21:58"
"C:\Users\ELCOT\focus-app\src\components\ui\Card.js","294","24-01-2026 14:21:58"
"C:\Users\ELCOT\focus-app\src\components\ui\Card.module.css","1311","24-01-2026 14:21:58"
"C:\Users\ELCOT\focus-app\src\components\ui\Icon.js","421","24-01-2026 14:21:58"
"C:\Users\ELCOT\focus-app\src\components\ui\Input.js","824","24-01-2026 14:21:58"
"C:\Users\ELCOT\focus-app\src\components\ui\Input.module.css","2234","24-01-2026 14:21:58"
"C:\Users\ELCOT\focus-app\src\components\ui\Loader.js","273","24-01-2026 14:21:58"
"C:\Users\ELCOT\focus-app\src\components\ui\Loader.module.css","497","24-01-2026 14:21:58"
"C:\Users\ELCOT\focus-app\src\components\ui\Modal.js","1232","24-01-2026 14:21:58"
"C:\Users\ELCOT\focus-app\src\components\ui\Modal.module.css","2879","24-01-2026 14:21:58"
"C:\Users\ELCOT\focus-app\src\components\ErrorBoundary.js","4439","24-01-2026 14:21:57"
"C:\Users\ELCOT\focus-app\src\components\ShareButton.js","0","24-01-2026 14:21:57"
"C:\Users\ELCOT\focus-app\src\context\AuthContext.js","230","24-01-2026 14:21:58"
"C:\Users\ELCOT\focus-app\src\context\FocuslyContext.js","2043","24-01-2026 14:21:58"
"C:\Users\ELCOT\focus-app\src\context\QueryProvider.js","1405","24-01-2026 14:21:58"
"C:\Users\ELCOT\focus-app\src\context\TeenCareContext.js","14316","24-01-2026 14:21:58"
"C:\Users\ELCOT\focus-app\src\context\ThemeContext.js","878","24-01-2026 14:21:58"
"C:\Users\ELCOT\focus-app\src\hooks\useAdminBadgePanel.js","6144","24-01-2026 14:21:58"
"C:\Users\ELCOT\focus-app\src\hooks\useAdminReports.js","3768","24-01-2026 14:21:58"
"C:\Users\ELCOT\focus-app\src\hooks\useAdminSupport.js","4149","24-01-2026 14:21:58"
"C:\Users\ELCOT\focus-app\src\hooks\useAttachmentUpload.js","2574","24-01-2026 18:14:42"
"C:\Users\ELCOT\focus-app\src\hooks\useAuth.js","8755","24-01-2026 19:58:20"
"C:\Users\ELCOT\focus-app\src\hooks\useAvatarAnimation.js","7374","24-01-2026 14:21:58"
"C:\Users\ELCOT\focus-app\src\hooks\useBadgeApplication.js","3255","24-01-2026 19:58:47"
"C:\Users\ELCOT\focus-app\src\hooks\useBadgeCriteria.js","3247","24-01-2026 19:59:07"
"C:\Users\ELCOT\focus-app\src\hooks\useBadgeProgress.js","2297","24-01-2026 19:59:12"
"C:\Users\ELCOT\focus-app\src\hooks\useBehaviorTracking.js","1162","24-01-2026 14:21:58"
"C:\Users\ELCOT\focus-app\src\hooks\useBlockedUsers.js","4259","24-01-2026 18:14:52"
"C:\Users\ELCOT\focus-app\src\hooks\useBoltzFeed.js","9437","01-02-2026 20:08:10"
"C:\Users\ELCOT\focus-app\src\hooks\useCall.js","7524","24-01-2026 19:59:23"
"C:\Users\ELCOT\focus-app\src\hooks\useChatFilters.js","2137","24-01-2026 14:21:58"
"C:\Users\ELCOT\focus-app\src\hooks\useChatThread.js","8704","24-01-2026 19:59:42"
"C:\Users\ELCOT\focus-app\src\hooks\useClickOutside.js","675","24-01-2026 14:21:58"
"C:\Users\ELCOT\focus-app\src\hooks\useComment.js","2622","24-01-2026 14:21:58"
"C:\Users\ELCOT\focus-app\src\hooks\useContentAppeal.js","1508","24-01-2026 14:21:58"
"C:\Users\ELCOT\focus-app\src\hooks\useContentModeration.js","3460","26-01-2026 14:09:47"
"C:\Users\ELCOT\focus-app\src\hooks\useCreateStepper.js","994","24-01-2026 14:21:58"
"C:\Users\ELCOT\focus-app\src\hooks\useDebounce.js","427","24-01-2026 14:21:58"
"C:\Users\ELCOT\focus-app\src\hooks\useDeviceFingerprint.js","2390","24-01-2026 14:21:58"
"C:\Users\ELCOT\focus-app\src\hooks\useDisappearingMessages.js","3174","24-01-2026 14:21:58"
"C:\Users\ELCOT\focus-app\src\hooks\useDraftMessages.js","2866","24-01-2026 14:21:58"
"C:\Users\ELCOT\focus-app\src\hooks\useDrafts.js","1057","24-01-2026 14:21:58"
"C:\Users\ELCOT\focus-app\src\hooks\useEditorDraft.js","3984","31-01-2026 22:43:37"
"C:\Users\ELCOT\focus-app\src\hooks\useExplore.js","1920","24-01-2026 14:21:58"
"C:\Users\ELCOT\focus-app\src\hooks\useExploreFeed.js","5660","24-01-2026 14:21:58"
"C:\Users\ELCOT\focus-app\src\hooks\useFeed.js","3572","24-01-2026 14:21:58"
"C:\Users\ELCOT\focus-app\src\hooks\useFocuslyAI.js","5818","24-01-2026 14:21:58"
"C:\Users\ELCOT\focus-app\src\hooks\useFocuslyEmotion.js","7465","24-01-2026 14:21:58"
"C:\Users\ELCOT\focus-app\src\hooks\useFocuslyMemory.js","8134","24-01-2026 14:21:58"
"C:\Users\ELCOT\focus-app\src\hooks\useFocuslySettings.js","7566","24-01-2026 14:21:58"
"C:\Users\ELCOT\focus-app\src\hooks\useFocuslyVoice.js","6622","24-01-2026 14:21:58"
"C:\Users\ELCOT\focus-app\src\hooks\useFollow.js","1450","24-01-2026 14:21:58"
"C:\Users\ELCOT\focus-app\src\hooks\useFollowers.js","6120","26-01-2026 17:20:26"
"C:\Users\ELCOT\focus-app\src\hooks\useFollowing.js","5359","26-01-2026 17:20:28"
"C:\Users\ELCOT\focus-app\src\hooks\useFormValidation.js","1704","24-01-2026 14:21:58"
"C:\Users\ELCOT\focus-app\src\hooks\useGlobalCallListener.js","9853","26-01-2026 17:20:24"
"C:\Users\ELCOT\focus-app\src\hooks\useGroupEvents.js","5244","24-01-2026 19:59:50"
"C:\Users\ELCOT\focus-app\src\hooks\useGroupPolls.js","4217","24-01-2026 20:00:00"
"C:\Users\ELCOT\focus-app\src\hooks\useGuardianDashboard.js","9802","24-01-2026 14:21:58"
"C:\Users\ELCOT\focus-app\src\hooks\useGuardianship.js","9757","24-01-2026 20:00:43"
"C:\Users\ELCOT\focus-app\src\hooks\useGuardianVerification.js","5883","26-01-2026 14:10:05"
"C:\Users\ELCOT\focus-app\src\hooks\useHighlights.js","3448","24-01-2026 14:21:58"
"C:\Users\ELCOT\focus-app\src\hooks\useImageModeration.js","1183","24-01-2026 14:21:58"
"C:\Users\ELCOT\focus-app\src\hooks\useInboxThreads.js","8987","24-01-2026 20:00:54"
"C:\Users\ELCOT\focus-app\src\hooks\useInfiniteScroll.js","721","24-01-2026 14:21:58"
"C:\Users\ELCOT\focus-app\src\hooks\useInteractions.js","3864","24-01-2026 14:21:58"
"C:\Users\ELCOT\focus-app\src\hooks\useJamendo.js","12470","24-01-2026 14:21:58"
"C:\Users\ELCOT\focus-app\src\hooks\useJitsi.js","3860","24-01-2026 14:21:58"
"C:\Users\ELCOT\focus-app\src\hooks\useKeyboardNav.js","2104","24-01-2026 14:21:58"
"C:\Users\ELCOT\focus-app\src\hooks\useLike.js","2343","24-01-2026 14:21:58"
"C:\Users\ELCOT\focus-app\src\hooks\useLinkedAccounts.js","2933","24-01-2026 20:01:04"
"C:\Users\ELCOT\focus-app\src\hooks\useLipSync.js","3001","24-01-2026 14:21:58"
"C:\Users\ELCOT\focus-app\src\hooks\useLocationSharing.js","4638","24-01-2026 14:21:58"
"C:\Users\ELCOT\focus-app\src\hooks\useLockedChats.js","4281","24-01-2026 14:21:58"
"C:\Users\ELCOT\focus-app\src\hooks\useMediaQuery.js","545","24-01-2026 14:21:58"
"C:\Users\ELCOT\focus-app\src\hooks\useMessageDelete.js","5712","24-01-2026 14:21:58"
"C:\Users\ELCOT\focus-app\src\hooks\useMessageEdit.js","5219","24-01-2026 20:01:11"
"C:\Users\ELCOT\focus-app\src\hooks\useMessageForward.js","7893","24-01-2026 20:01:17"
"C:\Users\ELCOT\focus-app\src\hooks\useMessageReactions.js","7375","24-01-2026 14:21:58"
"C:\Users\ELCOT\focus-app\src\hooks\useMessageReply.js","455","24-01-2026 14:21:58"
"C:\Users\ELCOT\focus-app\src\hooks\useMessageSearch.js","4850","24-01-2026 14:21:58"
"C:\Users\ELCOT\focus-app\src\hooks\useMessageSend.js","5479","24-01-2026 19:56:27"
"C:\Users\ELCOT\focus-app\src\hooks\useMessageStatus.js","7213","24-01-2026 14:21:58"
"C:\Users\ELCOT\focus-app\src\hooks\useModernCall.js","15599","24-01-2026 20:01:25"
"C:\Users\ELCOT\focus-app\src\hooks\useNotificationActions.js","5236","24-01-2026 14:21:58"
"C:\Users\ELCOT\focus-app\src\hooks\useNotificationFilter.js","2518","24-01-2026 14:21:58"
"C:\Users\ELCOT\focus-app\src\hooks\useNotifications.js","7315","24-01-2026 20:01:31"
"C:\Users\ELCOT\focus-app\src\hooks\useNotificationsRealtime.js","5498","31-01-2026 22:42:35"
"C:\Users\ELCOT\focus-app\src\hooks\useOAuth.js","659","24-01-2026 14:21:58"
"C:\Users\ELCOT\focus-app\src\hooks\useOfflineQueue.js","2962","24-01-2026 14:21:58"
"C:\Users\ELCOT\focus-app\src\hooks\useOnboarding.js","14296","24-01-2026 21:25:21"
"C:\Users\ELCOT\focus-app\src\hooks\useOnboardingRedirect.js","1756","24-01-2026 14:21:58"
"C:\Users\ELCOT\focus-app\src\hooks\useOnlineStatus.js","1995","24-01-2026 14:21:58"
"C:\Users\ELCOT\focus-app\src\hooks\usePasswordStrength.js","881","24-01-2026 14:21:58"
"C:\Users\ELCOT\focus-app\src\hooks\usePhotoEditor.js","1471","24-01-2026 14:21:58"
"C:\Users\ELCOT\focus-app\src\hooks\usePinnedChats.js","3200","24-01-2026 14:21:58"
"C:\Users\ELCOT\focus-app\src\hooks\usePinnedMessages.js","5987","24-01-2026 20:01:40"
"C:\Users\ELCOT\focus-app\src\hooks\usePostComments.js","4117","24-01-2026 14:21:58"
"C:\Users\ELCOT\focus-app\src\hooks\usePostLike.js","3080","24-01-2026 14:21:58"
"C:\Users\ELCOT\focus-app\src\hooks\usePostLikes.js","1676","24-01-2026 14:21:58"
"C:\Users\ELCOT\focus-app\src\hooks\usePosts.js","18321","01-02-2026 19:47:35"
"C:\Users\ELCOT\focus-app\src\hooks\usePostSave.js","3298","24-01-2026 14:21:58"
"C:\Users\ELCOT\focus-app\src\hooks\usePostShare.js","3509","24-01-2026 14:21:58"
"C:\Users\ELCOT\focus-app\src\hooks\useProfile.js","5006","24-01-2026 20:01:49"
"C:\Users\ELCOT\focus-app\src\hooks\useProfileGrid.js","7729","24-01-2026 14:21:58"
"C:\Users\ELCOT\focus-app\src\hooks\useProfileTabs.js","1357","24-01-2026 14:21:58"
"C:\Users\ELCOT\focus-app\src\hooks\usePublish.js","10063","24-01-2026 22:00:36"
"C:\Users\ELCOT\focus-app\src\hooks\usePullToRefresh.js","1722","24-01-2026 14:21:58"
"C:\Users\ELCOT\focus-app\src\hooks\usePushNotifications.js","1988","26-01-2026 13:06:56"
"C:\Users\ELCOT\focus-app\src\hooks\useRateLimit.js","517","24-01-2026 14:21:58"
"C:\Users\ELCOT\focus-app\src\hooks\useReadReceiptSettings.js","3978","24-01-2026 14:21:58"
"C:\Users\ELCOT\focus-app\src\hooks\useRealtimeComments.js","1267","24-01-2026 14:21:58"
"C:\Users\ELCOT\focus-app\src\hooks\useRealtimeLikes.js","1171","24-01-2026 14:21:58"
"C:\Users\ELCOT\focus-app\src\hooks\useRealtimeMessages.js","6741","31-01-2026 22:44:05"
"C:\Users\ELCOT\focus-app\src\hooks\useRealtimePosts.js","927","24-01-2026 14:21:58"
"C:\Users\ELCOT\focus-app\src\hooks\useRealtimeSubscription.js","2639","24-01-2026 14:21:58"
"C:\Users\ELCOT\focus-app\src\hooks\useReport.js","3649","24-01-2026 14:21:58"
"C:\Users\ELCOT\focus-app\src\hooks\useReportHistory.js","1390","24-01-2026 14:21:58"
"C:\Users\ELCOT\focus-app\src\hooks\useRobustQuery.js","2995","24-01-2026 20:01:57"
"C:\Users\ELCOT\focus-app\src\hooks\useSafetyAlerts.js","6495","24-01-2026 14:21:58"
"C:\Users\ELCOT\focus-app\src\hooks\useSave.js","2134","24-01-2026 14:21:58"
"C:\Users\ELCOT\focus-app\src\hooks\useScreenTime.js","10011","24-01-2026 14:21:58"
"C:\Users\ELCOT\focus-app\src\hooks\useSearch.js","3131","24-01-2026 14:21:58"
"C:\Users\ELCOT\focus-app\src\hooks\useSections.js","1790","24-01-2026 14:21:58"
"C:\Users\ELCOT\focus-app\src\hooks\useSessions.js","3445","24-01-2026 20:02:05"
"C:\Users\ELCOT\focus-app\src\hooks\useSettings.js","5412","24-01-2026 20:02:11"
"C:\Users\ELCOT\focus-app\src\hooks\useShare.js","1891","24-01-2026 14:21:58"
"C:\Users\ELCOT\focus-app\src\hooks\useSilentMessages.js","2307","24-01-2026 14:21:58"
"C:\Users\ELCOT\focus-app\src\hooks\useSimplePeer.js","9498","24-01-2026 14:21:58"
"C:\Users\ELCOT\focus-app\src\hooks\useSpeechRecognition.js","5050","24-01-2026 14:21:58"
"C:\Users\ELCOT\focus-app\src\hooks\useStories.js","3377","24-01-2026 22:01:04"
"C:\Users\ELCOT\focus-app\src\hooks\useSuggestedUsers.js","1214","24-01-2026 14:21:58"
"C:\Users\ELCOT\focus-app\src\hooks\useSupport.js","2829","24-01-2026 14:21:58"
"C:\Users\ELCOT\focus-app\src\hooks\useSuspiciousActivity.js","941","24-01-2026 14:21:58"
"C:\Users\ELCOT\focus-app\src\hooks\useSwipeNavigation.js","2523","01-02-2026 20:08:10"
"C:\Users\ELCOT\focus-app\src\hooks\useTextModeration.js","1860","24-01-2026 14:21:58"
"C:\Users\ELCOT\focus-app\src\hooks\useTheme.js","1240","26-01-2026 13:06:59"
"C:\Users\ELCOT\focus-app\src\hooks\useTrending.js","2216","24-01-2026 14:21:58"
"C:\Users\ELCOT\focus-app\src\hooks\useTrustScore.js","2528","24-01-2026 14:21:58"
"C:\Users\ELCOT\focus-app\src\hooks\useTypingIndicator.js","5568","24-01-2026 14:21:58"
"C:\Users\ELCOT\focus-app\src\hooks\useTypingStatus.js","2324","24-01-2026 14:21:58"
"C:\Users\ELCOT\focus-app\src\hooks\useUndo.js","3476","24-01-2026 14:21:58"
"C:\Users\ELCOT\focus-app\src\hooks\useUpdateSetting.js","3401","24-01-2026 14:21:58"
"C:\Users\ELCOT\focus-app\src\hooks\useUploadMedia.js","2266","24-01-2026 14:21:58"
"C:\Users\ELCOT\focus-app\src\hooks\useUserBadges.js","2202","24-01-2026 14:21:58"
"C:\Users\ELCOT\focus-app\src\hooks\useUserSettings.js","6205","31-01-2026 22:43:00"
"C:\Users\ELCOT\focus-app\src\hooks\useVerifications.js","4864","24-01-2026 20:02:22"
"C:\Users\ELCOT\focus-app\src\hooks\useVideoEditor.js","4722","24-01-2026 14:21:58"
"C:\Users\ELCOT\focus-app\src\hooks\useVideoNotes.js","4278","24-01-2026 20:02:32"
"C:\Users\ELCOT\focus-app\src\hooks\useVideoPlayer.js","1237","24-01-2026 20:02:43"
"C:\Users\ELCOT\focus-app\src\hooks\useViewTracking.js","1410","24-01-2026 14:21:58"
"C:\Users\ELCOT\focus-app\src\hooks\useVoicePlayer.js","4127","24-01-2026 14:21:58"
"C:\Users\ELCOT\focus-app\src\hooks\useWebRTC.js","11235","24-01-2026 14:21:58"
"C:\Users\ELCOT\focus-app\src\lib\commentApi.js","8194","24-01-2026 14:21:58"
"C:\Users\ELCOT\focus-app\src\lib\directApi.js","5513","24-01-2026 14:21:58"
"C:\Users\ELCOT\focus-app\src\lib\findConversation.js","2385","24-01-2026 14:21:58"
"C:\Users\ELCOT\focus-app\src\lib\supabase.js","837","24-01-2026 14:21:58"
"C:\Users\ELCOT\focus-app\src\pages\admin\AdminReports.js","6808","24-01-2026 20:07:06"
"C:\Users\ELCOT\focus-app\src\pages\admin\AdminReports.module.css","4017","24-01-2026 14:21:58"
"C:\Users\ELCOT\focus-app\src\pages\admin\AdminTrustShield.js","5161","24-01-2026 14:21:58"
"C:\Users\ELCOT\focus-app\src\pages\admin\AutoFlaggedContent.js","4303","24-01-2026 14:21:58"
"C:\Users\ELCOT\focus-app\src\pages\admin\ImageReviewQueue.js","2546","24-01-2026 20:07:27"
"C:\Users\ELCOT\focus-app\src\pages\admin\ModerationLogs.js","1258","24-01-2026 14:21:58"
"C:\Users\ELCOT\focus-app\src\pages\Auth\Auth.module.css","7622","26-01-2026 12:01:46"
"C:\Users\ELCOT\focus-app\src\pages\Auth\AuthCallback.jsx","5704","26-01-2026 12:00:11"
"C:\Users\ELCOT\focus-app\src\pages\Auth\DigiLockerCallback.jsx","1515","24-01-2026 14:21:58"
"C:\Users\ELCOT\focus-app\src\pages\Auth\ForgotPassword.js","5256","24-01-2026 14:21:58"
"C:\Users\ELCOT\focus-app\src\pages\Auth\Login.js","998","24-01-2026 14:21:58"
"C:\Users\ELCOT\focus-app\src\pages\Auth\ResetPassword.js","5810","24-01-2026 14:21:58"
"C:\Users\ELCOT\focus-app\src\pages\Auth\Signup.js","861","24-01-2026 14:21:58"
"C:\Users\ELCOT\focus-app\src\pages\Auth\VerifyEmail.js","5041","24-01-2026 14:21:58"
"C:\Users\ELCOT\focus-app\src\pages\Boltz\Boltz.js","10698","01-02-2026 20:08:10"
"C:\Users\ELCOT\focus-app\src\pages\Boltz\Boltz.module.css","806","24-01-2026 14:21:58"
"C:\Users\ELCOT\focus-app\src\pages\Calls\Calls.js","3659","24-01-2026 14:21:58"
"C:\Users\ELCOT\focus-app\src\pages\Calls\Calls.module.css","1113","24-01-2026 14:21:58"
"C:\Users\ELCOT\focus-app\src\pages\Create\AddDetails.js","3978","24-01-2026 14:21:58"
"C:\Users\ELCOT\focus-app\src\pages\Create\AddDetails.module.css","1567","24-01-2026 14:21:58"
"C:\Users\ELCOT\focus-app\src\pages\Create\AddMusic.js","1895","24-01-2026 14:21:58"
"C:\Users\ELCOT\focus-app\src\pages\Create\AddMusic.module.css","1370","24-01-2026 14:21:58"
"C:\Users\ELCOT\focus-app\src\pages\Create\Create.js","4070","24-01-2026 14:21:58"
"C:\Users\ELCOT\focus-app\src\pages\Create\Create.module.css","697","24-01-2026 14:21:58"
"C:\Users\ELCOT\focus-app\src\pages\Create\EditMedia.js","5977","24-01-2026 20:03:28"
"C:\Users\ELCOT\focus-app\src\pages\Create\EditMedia.module.css","2567","24-01-2026 14:21:58"
"C:\Users\ELCOT\focus-app\src\pages\Create\MediaSelect.js","3651","24-01-2026 14:21:58"
"C:\Users\ELCOT\focus-app\src\pages\Create\MediaSelect.module.css","1374","24-01-2026 14:21:58"
"C:\Users\ELCOT\focus-app\src\pages\Create\PreviewPost.js","15672","26-01-2026 17:21:10"
"C:\Users\ELCOT\focus-app\src\pages\Create\PreviewPost.module.css","3672","24-01-2026 14:21:58"
"C:\Users\ELCOT\focus-app\src\pages\Create\TypeSelect.js","1954","24-01-2026 14:21:58"
"C:\Users\ELCOT\focus-app\src\pages\Create\TypeSelect.module.css","1785","24-01-2026 14:21:58"
"C:\Users\ELCOT\focus-app\src\pages\Explore\Explore.js","21702","26-01-2026 12:37:25"
"C:\Users\ELCOT\focus-app\src\pages\Explore\Explore.module.css","7038","24-01-2026 14:21:58"
"C:\Users\ELCOT\focus-app\src\pages\Explore\ExploreEnhanced.js","29670","26-01-2026 21:44:47"
"C:\Users\ELCOT\focus-app\src\pages\Explore\ExploreEnhanced.module.css","11019","26-01-2026 21:45:58"
"C:\Users\ELCOT\focus-app\src\pages\Home\Home.js","1980","24-01-2026 22:01:19"
"C:\Users\ELCOT\focus-app\src\pages\Home\Home.module.css","1636","24-01-2026 14:21:58"
"C:\Users\ELCOT\focus-app\src\pages\Messages\components\ChatWindow\ChatHeader.jsx","4523","24-01-2026 14:21:58"
"C:\Users\ELCOT\focus-app\src\pages\Messages\components\ChatWindow\ChatHeader.module.css","1961","24-01-2026 14:21:58"
"C:\Users\ELCOT\focus-app\src\pages\Messages\components\ChatWindow\ChatWindow.jsx","18119","24-01-2026 14:21:58"
"C:\Users\ELCOT\focus-app\src\pages\Messages\components\ChatWindow\ChatWindow.module.css","5438","24-01-2026 14:21:58"
"C:\Users\ELCOT\focus-app\src\pages\Messages\components\ChatWindow\CompleteChatWindow.jsx","12644","24-01-2026 14:21:58"
"C:\Users\ELCOT\focus-app\src\pages\Messages\components\ChatWindow\CompleteChatWindow.module.css","7152","24-01-2026 14:21:58"
"C:\Users\ELCOT\focus-app\src\pages\Messages\components\ChatWindow\EnhancedMessageBubble.jsx","19247","24-01-2026 14:21:58"
"C:\Users\ELCOT\focus-app\src\pages\Messages\components\ChatWindow\EnhancedMessageInput.jsx","17647","24-01-2026 20:05:17"
"C:\Users\ELCOT\focus-app\src\pages\Messages\components\ChatWindow\MessageBubble.jsx","11913","24-01-2026 14:21:58"
"C:\Users\ELCOT\focus-app\src\pages\Messages\components\ChatWindow\MessageBubble.module.css","7736","24-01-2026 14:21:58"
"C:\Users\ELCOT\focus-app\src\pages\Messages\components\ChatWindow\MessageEffects.module.css","5327","24-01-2026 14:21:58"
"C:\Users\ELCOT\focus-app\src\pages\Messages\components\ChatWindow\MessageInput.jsx","12502","24-01-2026 14:21:58"
"C:\Users\ELCOT\focus-app\src\pages\Messages\components\ChatWindow\MessageInput.module.css","8503","24-01-2026 14:21:58"
"C:\Users\ELCOT\focus-app\src\pages\Messages\components\ChatWindow\ReactionPicker.jsx","1237","24-01-2026 14:21:58"
"C:\Users\ELCOT\focus-app\src\pages\Messages\components\ChatWindow\ReactionPicker.module.css","1624","24-01-2026 14:21:58"
"C:\Users\ELCOT\focus-app\src\pages\Messages\components\ChatWindow\SharedContentPreview.jsx","3841","24-01-2026 14:21:58"
"C:\Users\ELCOT\focus-app\src\pages\Messages\components\ChatWindow\SharedContentPreview.module.css","2582","24-01-2026 14:21:58"
"C:\Users\ELCOT\focus-app\src\pages\Messages\components\ConversationsList\ConversationCard.jsx","5518","24-01-2026 14:21:58"
"C:\Users\ELCOT\focus-app\src\pages\Messages\components\ConversationsList\ConversationCard.module.css","2754","24-01-2026 14:21:58"
"C:\Users\ELCOT\focus-app\src\pages\Messages\components\ConversationsList\ConversationsList.jsx","3275","24-01-2026 14:21:58"
"C:\Users\ELCOT\focus-app\src\pages\Messages\components\ConversationsList\ConversationsList.module.css","1635","24-01-2026 14:21:58"
"C:\Users\ELCOT\focus-app\src\pages\Messages\components\ConversationsList\FlashRepliesSection.jsx","2834","24-01-2026 14:21:58"
"C:\Users\ELCOT\focus-app\src\pages\Messages\components\ConversationsList\FlashRepliesSection.module.css","2410","24-01-2026 14:21:58"
"C:\Users\ELCOT\focus-app\src\pages\Messages\components\Modals\ConversationSettingsModal.jsx","11529","26-01-2026 14:37:57"
"C:\Users\ELCOT\focus-app\src\pages\Messages\components\Modals\ConversationSettingsModal.module.css","4722","24-01-2026 14:21:58"
"C:\Users\ELCOT\focus-app\src\pages\Messages\components\Modals\ForwardMessageModal.jsx","5725","24-01-2026 14:21:58"
"C:\Users\ELCOT\focus-app\src\pages\Messages\components\Modals\ForwardMessageModal.module.css","5007","24-01-2026 14:21:58"
"C:\Users\ELCOT\focus-app\src\pages\Messages\components\Modals\GifPicker.jsx","9696","24-01-2026 14:21:58"
"C:\Users\ELCOT\focus-app\src\pages\Messages\components\Modals\GifPicker.module.css","6481","24-01-2026 14:21:58"
"C:\Users\ELCOT\focus-app\src\pages\Messages\components\Modals\MediaPickerModal.jsx","9887","24-01-2026 14:21:58"
"C:\Users\ELCOT\focus-app\src\pages\Messages\components\Modals\MediaPickerModal.module.css","6683","24-01-2026 14:21:58"
"C:\Users\ELCOT\focus-app\src\pages\Messages\components\Modals\NewMessageModal.jsx","11774","24-01-2026 20:05:38"
"C:\Users\ELCOT\focus-app\src\pages\Messages\components\Modals\NewMessageModal.module.css","5816","24-01-2026 14:21:58"
"C:\Users\ELCOT\focus-app\src\pages\Messages\components\Modals\SearchInChatModal.jsx","4881","24-01-2026 14:21:58"
"C:\Users\ELCOT\focus-app\src\pages\Messages\components\Modals\SearchInChatModal.module.css","3615","24-01-2026 14:21:58"
"C:\Users\ELCOT\focus-app\src\pages\Messages\components\Modals\ShareContentModal.jsx","6094","24-01-2026 14:21:58"
"C:\Users\ELCOT\focus-app\src\pages\Messages\components\Modals\ShareContentModal.module.css","5094","24-01-2026 14:21:58"
"C:\Users\ELCOT\focus-app\src\pages\Messages\components\Modals\SharedMediaGallery.jsx","6441","24-01-2026 14:21:58"
"C:\Users\ELCOT\focus-app\src\pages\Messages\components\Modals\SharedMediaGallery.module.css","4522","24-01-2026 14:21:58"
"C:\Users\ELCOT\focus-app\src\pages\Messages\components\Modals\ShareToMessages.jsx","13493","24-01-2026 14:21:58"
"C:\Users\ELCOT\focus-app\src\pages\Messages\components\Modals\ShareToMessages.module.css","7465","24-01-2026 14:21:58"
"C:\Users\ELCOT\focus-app\src\pages\Messages\components\Modals\VoiceRecorderModal.jsx","8658","24-01-2026 14:21:58"
"C:\Users\ELCOT\focus-app\src\pages\Messages\components\Modals\VoiceRecorderModal.module.css","6013","24-01-2026 14:21:58"
"C:\Users\ELCOT\focus-app\src\pages\Messages\hooks\useConversations.js","3600","24-01-2026 14:21:58"
"C:\Users\ELCOT\focus-app\src\pages\Messages\hooks\useMessageQueue.js","7007","24-01-2026 14:21:58"
"C:\Users\ELCOT\focus-app\src\pages\Messages\hooks\useMessageReactions.js","6884","24-01-2026 14:21:58"
"C:\Users\ELCOT\focus-app\src\pages\Messages\hooks\useMessages.js","5426","24-01-2026 14:21:58"
"C:\Users\ELCOT\focus-app\src\pages\Messages\hooks\usePresence.js","4182","24-01-2026 14:21:58"
"C:\Users\ELCOT\focus-app\src\pages\Messages\hooks\useRealtimeMessages.js","12288","26-01-2026 13:59:59"
"C:\Users\ELCOT\focus-app\src\pages\Messages\hooks\useScheduledMessages.js","4302","24-01-2026 14:21:58"
"C:\Users\ELCOT\focus-app\src\pages\Messages\hooks\useStarredMessages.js","3223","24-01-2026 14:21:58"
"C:\Users\ELCOT\focus-app\src\pages\Messages\hooks\useTypingIndicator.js","3472","24-01-2026 14:21:58"
"C:\Users\ELCOT\focus-app\src\pages\Messages\utils\blockAndReport.js","4990","24-01-2026 14:21:58"
"C:\Users\ELCOT\focus-app\src\pages\Messages\utils\chatManagement.js","5525","24-01-2026 14:21:58"
"C:\Users\ELCOT\focus-app\src\pages\Messages\utils\friendshipInsights.js","6581","24-01-2026 14:21:58"
"C:\Users\ELCOT\focus-app\src\pages\Messages\utils\mediaUpload.js","8607","24-01-2026 14:21:58"
"C:\Users\ELCOT\focus-app\src\pages\Messages\utils\messageHelpers.js","9816","24-01-2026 14:21:58"
"C:\Users\ELCOT\focus-app\src\pages\Messages\utils\smartSuggestions.js","4204","24-01-2026 14:21:58"
"C:\Users\ELCOT\focus-app\src\pages\Messages\utils\voiceRecorder.js","4381","24-01-2026 14:21:58"
"C:\Users\ELCOT\focus-app\src\pages\Messages\utils\voiceTranscription.js","4013","24-01-2026 14:21:58"
"C:\Users\ELCOT\focus-app\src\pages\Messages\CompleteMessages.jsx","11801","24-01-2026 20:04:54"
"C:\Users\ELCOT\focus-app\src\pages\Messages\CompleteMessages.module.css","10312","24-01-2026 14:21:58"
"C:\Users\ELCOT\focus-app\src\pages\Messages\InstagramMessages.jsx","12564","24-01-2026 14:21:58"
"C:\Users\ELCOT\focus-app\src\pages\Messages\InstagramMessages.module.css","10146","24-01-2026 14:21:58"
"C:\Users\ELCOT\focus-app\src\pages\Messages\Messages.GOLDEN_VERSION.jsx","6591","24-01-2026 14:21:58"
"C:\Users\ELCOT\focus-app\src\pages\Messages\Messages.jsx","7736","24-01-2026 14:21:58"
"C:\Users\ELCOT\focus-app\src\pages\Messages\Messages.module.css","2388","24-01-2026 14:21:58"
"C:\Users\ELCOT\focus-app\src\pages\Messages\Messages.module.GOLDEN_VERSION.css","2388","24-01-2026 14:21:58"
"C:\Users\ELCOT\focus-app\src\pages\Messages\Messages.old.js","6591","24-01-2026 14:21:58"
"C:\Users\ELCOT\focus-app\src\pages\Notifications\Notifications.js","2745","01-02-2026 19:10:16"
"C:\Users\ELCOT\focus-app\src\pages\Notifications\Notifications.module.css","820","24-01-2026 14:21:58"
"C:\Users\ELCOT\focus-app\src\pages\Profile\Profile.js","10181","26-01-2026 13:24:02"
"C:\Users\ELCOT\focus-app\src\pages\Profile\Profile.module.css","1557","26-01-2026 13:29:35"
"C:\Users\ELCOT\focus-app\src\pages\Settings\Settings.js","6275","24-01-2026 20:06:52"
"C:\Users\ELCOT\focus-app\src\pages\Settings\Settings.module.css","3461","24-01-2026 14:21:58"
"C:\Users\ELCOT\focus-app\src\pages\verification\GovernmentIDVerification.jsx","20512","24-01-2026 20:08:23"
"C:\Users\ELCOT\focus-app\src\pages\verification\GovernmentIDVerification.module.css","6916","24-01-2026 14:21:58"
"C:\Users\ELCOT\focus-app\src\pages\verification\ParentConsent.jsx","6358","24-01-2026 14:21:58"
"C:\Users\ELCOT\focus-app\src\pages\verification\ParentConsent.module.css","4529","24-01-2026 14:21:58"
"C:\Users\ELCOT\focus-app\src\pages\Auth.js","688","24-01-2026 14:38:24"
"C:\Users\ELCOT\focus-app\src\pages\BadgeCenter.js","10536","24-01-2026 20:03:05"
"C:\Users\ELCOT\focus-app\src\pages\BadgeCenter.module.css","4873","24-01-2026 14:21:58"
"C:\Users\ELCOT\focus-app\src\pages\ContentWarningPage.js","961","24-01-2026 14:21:58"
"C:\Users\ELCOT\focus-app\src\pages\ContentWarningPage.module.css","1428","24-01-2026 14:21:58"
"C:\Users\ELCOT\focus-app\src\pages\EducationalResources.js","242","24-01-2026 14:21:58"
"C:\Users\ELCOT\focus-app\src\pages\EmergencyPanicButton.js","405","24-01-2026 14:21:58"
"C:\Users\ELCOT\focus-app\src\pages\ForgotPassword.js","2969","24-01-2026 14:21:58"
"C:\Users\ELCOT\focus-app\src\pages\GuardianDashboard.js","442","24-01-2026 14:21:58"
"C:\Users\ELCOT\focus-app\src\pages\MyReports.js","2083","24-01-2026 20:06:21"
"C:\Users\ELCOT\focus-app\src\pages\MyReports.module.css","2284","24-01-2026 14:21:58"
"C:\Users\ELCOT\focus-app\src\pages\Onboarding.js","222","24-01-2026 14:21:58"
"C:\Users\ELCOT\focus-app\src\pages\ResetPassword.js","4018","24-01-2026 14:21:58"
"C:\Users\ELCOT\focus-app\src\pages\SecurityCenter.js","4512","24-01-2026 20:06:43"
"C:\Users\ELCOT\focus-app\src\pages\SecurityCenter.module.css","2778","24-01-2026 14:21:58"
"C:\Users\ELCOT\focus-app\src\pages\SecurityDashboard.js","3992","24-01-2026 14:21:58"
"C:\Users\ELCOT\focus-app\src\pages\SecurityDashboard.module.css","5028","24-01-2026 14:21:58"
"C:\Users\ELCOT\focus-app\src\pages\SubmitTicket.js","4592","24-01-2026 14:21:58"
"C:\Users\ELCOT\focus-app\src\pages\SubmitTicket.module.css","4213","24-01-2026 14:21:58"
"C:\Users\ELCOT\focus-app\src\pages\SupportCenter.js","4773","24-01-2026 14:21:58"
"C:\Users\ELCOT\focus-app\src\pages\SupportCenter.module.css","4472","24-01-2026 14:21:58"
"C:\Users\ELCOT\focus-app\src\pages\TeenCareDebug.js","4160","24-01-2026 14:21:58"
"C:\Users\ELCOT\focus-app\src\pages\TeenCareGuardianDashboard.css","5947","24-01-2026 14:21:58"
"C:\Users\ELCOT\focus-app\src\pages\TeenCareGuardianDashboard.js","8990","24-01-2026 14:21:58"
"C:\Users\ELCOT\focus-app\src\pages\TeenCareGuardianDashboard.module.css","6184","24-01-2026 14:21:58"
"C:\Users\ELCOT\focus-app\src\pages\TeenSafetySettings.js","443","24-01-2026 14:21:58"
"C:\Users\ELCOT\focus-app\src\pages\VerificationCenter.js","6063","24-01-2026 14:21:58"
"C:\Users\ELCOT\focus-app\src\pages\VerificationCenter.module.css","3056","24-01-2026 14:21:58"
"C:\Users\ELCOT\focus-app\src\styles\design-system.css","13289","24-01-2026 14:21:58"
"C:\Users\ELCOT\focus-app\src\styles\globals.css","6745","24-01-2026 14:21:58"
"C:\Users\ELCOT\focus-app\src\styles\mobile.css","3605","24-01-2026 14:21:58"
"C:\Users\ELCOT\focus-app\src\styles\reset.css","524","24-01-2026 14:21:58"
"C:\Users\ELCOT\focus-app\src\styles\theme.css","12747","24-01-2026 14:21:58"
"C:\Users\ELCOT\focus-app\src\utils\activityLogger.js","7069","24-01-2026 20:09:01"
"C:\Users\ELCOT\focus-app\src\utils\ageValidation.js","3972","24-01-2026 14:21:58"
"C:\Users\ELCOT\focus-app\src\utils\ageVerification.js","9394","24-01-2026 14:21:58"
"C:\Users\ELCOT\focus-app\src\utils\alertNotifier.js","11152","24-01-2026 14:21:58"
"C:\Users\ELCOT\focus-app\src\utils\avatarManager.js","1790","24-01-2026 14:21:58"
"C:\Users\ELCOT\focus-app\src\utils\badgeCriteriaChecker.js","10281","24-01-2026 14:21:58"
"C:\Users\ELCOT\focus-app\src\utils\badgeFormatter.js","4242","24-01-2026 14:21:58"
"C:\Users\ELCOT\focus-app\src\utils\badgeNotification.js","5415","24-01-2026 14:21:58"
"C:\Users\ELCOT\focus-app\src\utils\badgeRules.js","10212","24-01-2026 14:21:58"
"C:\Users\ELCOT\focus-app\src\utils\BatchActions.js","4127","24-01-2026 14:21:58"
"C:\Users\ELCOT\focus-app\src\utils\behaviorAnalyzer.js","3678","24-01-2026 14:21:58"
"C:\Users\ELCOT\focus-app\src\utils\checkUsername.js","1067","24-01-2026 14:21:58"
"C:\Users\ELCOT\focus-app\src\utils\constants.js","504","24-01-2026 14:21:58"
"C:\Users\ELCOT\focus-app\src\utils\contentAnalyzer.js","11589","24-01-2026 14:21:58"
"C:\Users\ELCOT\focus-app\src\utils\contentScanner.js","7691","24-01-2026 20:09:21"
"C:\Users\ELCOT\focus-app\src\utils\cropUtils.js","7478","24-01-2026 14:21:58"
"C:\Users\ELCOT\focus-app\src\utils\DataExport.js","6049","24-01-2026 14:21:58"
"C:\Users\ELCOT\focus-app\src\utils\deviceFingerprint.js","2789","24-01-2026 14:21:58"
"C:\Users\ELCOT\focus-app\src\utils\emailNotifications.js","6976","24-01-2026 20:09:33"
"C:\Users\ELCOT\focus-app\src\utils\emotionDetector.js","10055","24-01-2026 14:21:58"
"C:\Users\ELCOT\focus-app\src\utils\errorMessages.js","4963","24-01-2026 14:21:58"
"C:\Users\ELCOT\focus-app\src\utils\exploreAlgorithm.js","8391","24-01-2026 14:21:59"
"C:\Users\ELCOT\focus-app\src\utils\feedAlgorithm.js","6460","24-01-2026 14:21:59"
"C:\Users\ELCOT\focus-app\src\utils\fileValidation.js","4161","24-01-2026 14:21:59"
"C:\Users\ELCOT\focus-app\src\utils\focuslyContextMemory.js","12991","24-01-2026 14:21:59"
"C:\Users\ELCOT\focus-app\src\utils\focuslyStickers.js","3580","24-01-2026 14:21:59"
"C:\Users\ELCOT\focus-app\src\utils\focusToast.js","1853","24-01-2026 14:21:59"
"C:\Users\ELCOT\focus-app\src\utils\formatDateDivider.js","1157","24-01-2026 14:21:59"
"C:\Users\ELCOT\focus-app\src\utils\formatDuration.js","265","24-01-2026 14:21:59"
"C:\Users\ELCOT\focus-app\src\utils\formatNotificationText.js","3073","24-01-2026 14:21:59"
"C:\Users\ELCOT\focus-app\src\utils\formatNumber.js","354","24-01-2026 14:21:59"
"C:\Users\ELCOT\focus-app\src\utils\formatSettingLabel.js","1162","24-01-2026 14:21:59"
"C:\Users\ELCOT\focus-app\src\utils\formatTimeAgo.js","1039","24-01-2026 14:21:59"
"C:\Users\ELCOT\focus-app\src\utils\geminiAPI.js","7700","24-01-2026 14:21:59"
"C:\Users\ELCOT\focus-app\src\utils\imageUtils.js","3715","24-01-2026 14:21:59"
"C:\Users\ELCOT\focus-app\src\utils\jamendoAPI.js","1846","24-01-2026 14:21:59"
"C:\Users\ELCOT\focus-app\src\utils\keywordBlocklist.js","1088","24-01-2026 14:21:59"
"C:\Users\ELCOT\focus-app\src\utils\linkifyText.js","1387","24-01-2026 14:21:59"
"C:\Users\ELCOT\focus-app\src\utils\lipSyncHelper.js","7503","24-01-2026 14:21:59"
"C:\Users\ELCOT\focus-app\src\utils\mediaUpload.js","11475","26-01-2026 14:30:50"
"C:\Users\ELCOT\focus-app\src\utils\moderationLogger.js","1314","24-01-2026 14:21:59"
"C:\Users\ELCOT\focus-app\src\utils\notificationSound.js","2903","24-01-2026 14:21:59"
"C:\Users\ELCOT\focus-app\src\utils\nsfwDetection.js","3448","26-01-2026 14:09:30"
"C:\Users\ELCOT\focus-app\src\utils\nsfwImageCheck.js","1537","24-01-2026 14:21:59"
"C:\Users\ELCOT\focus-app\src\utils\OfflineQueue.js","6510","24-01-2026 14:21:58"
"C:\Users\ELCOT\focus-app\src\utils\preloadVideos.js","872","24-01-2026 14:21:59"
"C:\Users\ELCOT\focus-app\src\utils\profileAuthenticityChecker.js","1693","24-01-2026 14:21:59"
"C:\Users\ELCOT\focus-app\src\utils\rateLimiter.js","2777","24-01-2026 14:21:59"
"C:\Users\ELCOT\focus-app\src\utils\reportCategories.js","7703","24-01-2026 20:09:46"
"C:\Users\ELCOT\focus-app\src\utils\reportPriority.js","5384","24-01-2026 20:10:07"
"C:\Users\ELCOT\focus-app\src\utils\reportValidator.js","5631","24-01-2026 20:10:26"
"C:\Users\ELCOT\focus-app\src\utils\saveOnboardingData.js","3654","24-01-2026 21:15:01"
"C:\Users\ELCOT\focus-app\src\utils\smartFallbacks.js","7456","24-01-2026 14:21:59"
"C:\Users\ELCOT\focus-app\src\utils\SmartPreloader.js","3833","24-01-2026 14:21:58"
"C:\Users\ELCOT\focus-app\src\utils\soundLibrary.js","5858","24-01-2026 14:21:59"
"C:\Users\ELCOT\focus-app\src\utils\soundReactions.js","8170","24-01-2026 14:21:59"
"C:\Users\ELCOT\focus-app\src\utils\stickerAssets.js","7981","24-01-2026 14:21:59"
"C:\Users\ELCOT\focus-app\src\utils\sttEngine.js","8745","24-01-2026 14:21:59"
"C:\Users\ELCOT\focus-app\src\utils\supabaseAuth.js","5435","26-01-2026 12:01:21"
"C:\Users\ELCOT\focus-app\src\utils\supabaseBadges.js","12333","24-01-2026 14:21:59"
"C:\Users\ELCOT\focus-app\src\utils\supabaseReports.js","9339","24-01-2026 20:10:43"
"C:\Users\ELCOT\focus-app\src\utils\supabaseRest.js","28627","24-01-2026 22:00:45"
"C:\Users\ELCOT\focus-app\src\utils\supabaseSupport.js","10202","24-01-2026 20:11:09"
"C:\Users\ELCOT\focus-app\src\utils\supportCategories.js","7258","24-01-2026 20:11:26"
"C:\Users\ELCOT\focus-app\src\utils\teenCareIntegration.js","8457","24-01-2026 14:21:59"
"C:\Users\ELCOT\focus-app\src\utils\toxicityScorer.js","1377","24-01-2026 14:21:59"
"C:\Users\ELCOT\focus-app\src\utils\trustScore.js","4034","26-01-2026 13:30:10"
"C:\Users\ELCOT\focus-app\src\utils\trustScoreCalculator.js","4568","24-01-2026 14:21:59"
"C:\Users\ELCOT\focus-app\src\utils\trustShieldInit.js","777","24-01-2026 21:17:19"
"C:\Users\ELCOT\focus-app\src\utils\ttsEngine.js","8719","24-01-2026 14:21:59"
"C:\Users\ELCOT\focus-app\src\utils\UndoManager.js","3304","24-01-2026 14:21:58"
"C:\Users\ELCOT\focus-app\src\utils\uploadImage.js","1018","24-01-2026 14:21:59"
"C:\Users\ELCOT\focus-app\src\utils\userPreferences.js","1748","01-02-2026 20:08:10"
"C:\Users\ELCOT\focus-app\src\utils\validateEmail.js","464","24-01-2026 14:21:59"
"C:\Users\ELCOT\focus-app\src\utils\validatePassword.js","1050","24-01-2026 14:21:59"
"C:\Users\ELCOT\focus-app\src\utils\videoExport.js","11759","24-01-2026 20:24:53"
"C:\Users\ELCOT\focus-app\src\utils\videoFilters.js","10291","24-01-2026 14:21:59"
"C:\Users\ELCOT\focus-app\src\utils\visemeMapper.js","6199","24-01-2026 14:21:59"
"C:\Users\ELCOT\focus-app\src\App.js","10178","26-01-2026 18:53:04"
"C:\Users\ELCOT\focus-app\src\importMap.js","0","24-01-2026 14:21:58"
"C:\Users\ELCOT\focus-app\src\index.js","1295","26-01-2026 17:21:49"
"C:\Users\ELCOT\focus-app\src\testDirectSend.js","1042","24-01-2026 14:21:58"
